image,Entropy
aardvark_01b.jpg,2.381837997758648
abacus_01b.jpg,3.2454026642117633
accordion_01b.jpg,3.1998971713791304
acorn_01b.jpg,3.197889215189098
air_conditioner_01b.jpg,3.242016725949731
air_mattress_01b.jpg,3.389341552200625
air_pump_01s.jpg,3.2126577914421874
airbag_01b.jpg,3.407297079526507
airboat_01s.jpg,3.12454570854208
aircraft_carrier_01b.jpg,2.860161946886091
airplane_01b.jpg,3.062899138541963
album_01s.jpg,3.4347435993744737
alligator_01b.jpg,2.631873898667871
almond_01b.jpg,2.700277333857237
aloe_01b.jpg,3.2839467082461042
alpaca_01b.jpg,2.8270664583337752
altar_01b.jpg,3.1996553018824847
aluminum_foil_01b.jpg,3.2594520896857353
amber_01b.jpg,3.334519672686766
ambulance_01b.jpg,3.139289427666575
amplifier_01s.jpg,3.083636321977207
anchor_01b.jpg,3.133862943102975
ankle_01b.jpg,3.1311428159443038
anklet_01b.jpg,3.255393073129934
ant_01b.jpg,2.8786831110260978
anteater_01b.jpg,2.1514570580933587
antelope_01b.jpg,2.4158405494496997
antenna_01b.jpg,3.218783528425733
anvil_01b.jpg,2.8370859895584815
appetizer_01b.jpg,2.8291016743201345
apple_01b.jpg,2.9982576515831467
apple_tree_01b.jpg,2.865061488462173
applesauce_01b.jpg,2.607120324292641
apron_01b.jpg,3.117868183220661
aquarium_01b.jpg,3.260820216727936
arch_01b.jpg,3.1595612503217407
arm_01b.jpg,3.2543265488294235
armor_01b.jpg,3.0029248040897
arrow_01b.jpg,3.3495828296582197
artichoke_01b.jpg,2.6419669002412456
arugula_01b.jpg,2.6570909406193195
ashtray_01s.jpg,3.187367356548279
asparagus_01b.jpg,2.8958495448676835
avocado_01b.jpg,2.728854284592701
awning_01b.jpg,3.3749118144510746
axe_01b.jpg,3.05233252746768
baby_01b.jpg,2.968169435947238
backdrop_01b.jpg,3.359415357877618
backgammon_01b.jpg,3.3394762327281016
backpack_01b.jpg,3.3272586360000154
backscratcher_01b.jpg,3.2647310575407085
bacon_01b.jpg,2.7179045805834843
badge_01b.jpg,3.33450271885971
badger_01b.jpg,2.460162092487003
bag_01b.jpg,3.2602201139464198
bagel_01s.jpg,2.9058036559114924
bagpipe_01b.jpg,3.438003938199568
baklava_01s.jpg,2.3983187485204267
balance_beam_01b.jpg,3.20976639084737
ball_01b.jpg,3.338008505248223
balloon_01b.jpg,3.3627553057340425
ballot_box_01b.jpg,3.291289233758702
bamboo_01b.jpg,3.1446791293887144
banana_01b.jpg,2.957093860590665
banana_peel_01b.jpg,2.9077944438970005
banana_split_01b.jpg,2.937124226318494
bandage_01b.jpg,3.3607161764600595
bandanna_01b.jpg,3.2335885752957925
banjo_01s.jpg,3.3003430307778325
bank_01b.jpg,3.3334490415716087
banner_01b.jpg,3.3039223369590585
barbed_wire_01b.jpg,3.08739363987088
barbell_01s.jpg,3.130764030097507
barcode_01b.jpg,3.347821509517503
bark_01s.jpg,3.137112433531952
barnacle_01s.jpg,3.0644393145956874
barrel_01b.jpg,3.2294530312472536
barrette_01b.jpg,3.3852136878419437
baseball_01b.jpg,3.2307430925859717
baseball_bat_01b.jpg,3.284517059716294
baseball_glove_01b.jpg,3.322586075915594
basil_01b.jpg,2.7856187512271773
basket_01b.jpg,3.423511846995085
basketball_01b.jpg,3.265187890092472
basketball_hoop_01b.jpg,3.2173441379215904
bassinet_01b.jpg,3.277242540906251
bassoon_01b.jpg,3.196819792723712
bat1_01b.jpg,3.2045967675065845
bat2_01b.jpg,3.3064555107213467
bathmat_01b.jpg,3.3082594625990196
bathrobe_01b.jpg,3.1259638637585154
bathtub_01b.jpg,3.1510906801455087
baton1_01s.jpg,3.150767589869364
baton2_01s.jpg,3.247979596498666
baton3_01s.jpg,3.3137791305829167
baton4_01b.jpg,3.271947205579566
batter_01b.jpg,3.0181117495039627
battery_01b.jpg,3.049308218727179
bazooka_01b.jpg,3.1760067670442647
beachball_01b.jpg,3.2746771709414197
bead_01b.jpg,3.314078238323267
beaker_01b.jpg,3.305413615544847
bean_01b.jpg,2.4121552174944285
beanbag_01b.jpg,3.4386746437682465
beanie_01b.jpg,3.2717883949699633
bear_01b.jpg,2.342664944086318
beard_01b.jpg,3.1659173890688876
beaver_01b.jpg,2.3901325105691233
bed_01b.jpg,3.2899547203743427
bedpan_01b.jpg,3.337770230401255
bedpost_01b.jpg,3.072970955225156
bee_01b.jpg,2.9562621981628734
beehive_01b.jpg,3.2480402312395653
beer_01s.jpg,3.2142918718239772
beet_01b.jpg,2.883438918085911
beetle_01b.jpg,2.716983765607598
bell_01b.jpg,3.243157368752914
bell_pepper_01b.jpg,2.877536313147933
belt_01b.jpg,3.306516116957317
belt_buckle_01b.jpg,3.0130203369976876
bench_01b.jpg,3.1603924349415737
berry_01b.jpg,2.7308044485825045
bib_02s.jpg,3.293028845727918
bike_01b.jpg,3.082177991362315
bikini_01b.jpg,2.9579074462556445
bin_01b.jpg,3.233932925545884
binder_01b.jpg,3.174493560708076
binoculars_01s.jpg,3.497810228835072
bird_01b.jpg,2.964468091200958
birdbath_01b.jpg,3.2624576988218665
birdcage_01b.jpg,3.3226643098996407
birdhouse_01b.jpg,3.238105422468185
birthday_cake_01b.jpg,3.2569107426857777
biscuit_01b.jpg,2.6404241952288374
bison_01b.jpg,2.3813305432770058
blackberry_01b.jpg,2.788132450835387
blanket_01b.jpg,3.228516401101546
blazer_01b.jpg,3.158419592662609
blender_01b.jpg,3.0679944620112685
blimp_01b.jpg,3.2169887490066076
blind_01b.jpg,3.182027108792034
blinder_01b.jpg,3.1939742764749393
blindfold_01b.jpg,3.3908553179069933
block_01b.jpg,3.113169566130013
blouse_01b.jpg,3.0315987822294628
blower_01b.jpg,3.279485587704808
blowfish_01b.jpg,3.09019610555639
blowgun_01s.jpg,3.2665160618199427
blowtorch_01b.jpg,3.077245247423441
blueberry_01b.jpg,3.050827005976448
boa_01s.jpg,3.216534187714462
boar_01b.jpg,2.171163662712747
board_01b.jpg,3.0651977677103197
board_game_01b.jpg,3.0752863365726966
boat_01b.jpg,3.249372516662953
bobsled_01s.jpg,3.1585627531866156
bok_choy_01b.jpg,2.6461169247318517
bolo_tie_01b.jpg,3.2479549616367596
bologna_01b.jpg,2.7205233418216737
bolt_01b.jpg,3.1410045223847027
bomb_01b.jpg,3.116555677845319
bone_01b.jpg,3.2788657018129315
bongo_01s.jpg,3.33793707842176
bonnet_01s.jpg,3.4096903487727372
bonsai_01b.jpg,3.2202974313918555
book_01b.jpg,3.091792618744062
bookmark_01s.jpg,3.269018245507941
bookshelf_01b.jpg,2.9869611538317473
boomerang_01s.jpg,3.244007428375521
boot_01b.jpg,3.2410399151420664
bottle_01b.jpg,3.224677283793953
bottle_opener_01b.jpg,3.1036957783335577
boulder_01b.jpg,3.258455301511679
bouquet_01b.jpg,3.2989831101489577
bow1_01b.jpg,3.369505004969932
bow2_01s.jpg,3.224029925352938
bow3_01b.jpg,3.4073625560619316
bowl_01b.jpg,3.2268515350801037
bowler_hat_01b.jpg,3.3131591230882216
bowling_ball_01b.jpg,3.1646153004705204
bowtie_01b.jpg,3.141935020805248
box_01b.jpg,3.398794607195448
boxer_shorts_01b.jpg,2.8482888078065693
boxing_gloves_01b.jpg,3.2413780875911913
boy_01b.jpg,2.864546099901107
bra_01s.jpg,3.245236192879452
brace_01b.jpg,3.232679538646323
bracelet1_01s.jpg,3.34977529098799
bracelet2_01b.jpg,3.271482969483305
bracket_01b.jpg,2.931963169520335
braid_01b.jpg,3.1815961073547485
brake_01b.jpg,2.951392636891012
branch_01b.jpg,3.0485950078674935
brass_knuckles_01b.jpg,3.2824138666383087
bread_01b.jpg,2.749882393936721
breadbox_01b.jpg,3.0356833422515592
breadstick_01b.jpg,2.7224597476750585
breakfast_01b.jpg,2.5047393104725346
breathalyzer_01b.jpg,3.175710637845375
brick_01b.jpg,3.0962467907170406
briefcase_01b.jpg,3.0838671517166905
broccoli_01b.jpg,2.4798620176630664
brooch_01b.jpg,3.2258769378665932
broom_01b.jpg,3.279105672788915
brownie_01b.jpg,2.736695869278603
brush_01s.jpg,3.407242165834339
brussels_sprouts_01b.jpg,2.730578049862721
bubble_01b.jpg,3.4204778642445075
bubble_wrap_01b.jpg,3.3542407907070158
bucket_01b.jpg,3.267595487700159
buckle_01b.jpg,3.1125617840043436
buffet_01b.jpg,2.745435432121512
bug_01b.jpg,2.899078111952622
buggy_01s.jpg,3.1221700442441422
bull_01b.jpg,2.408177144799027
bulldozer_01b.jpg,2.846394994469887
bullet_01s.jpg,2.994837108831589
bulletin_board_01b.jpg,3.1529323439049386
bulletproof_vest_01s.jpg,3.2088505380063284
bumper_01b.jpg,3.0602650927761297
bun_01b.jpg,2.6557809846868228
bungee_01b.jpg,3.254331686391039
bunkbed_01b.jpg,3.2922099363133266
buoy_01b.jpg,3.282592832878592
burner_01b.jpg,3.1473726817092125
burrito_01b.jpg,2.77266527189566
bus_01b.jpg,2.9177352890052854
bush_01s.jpg,3.052117491061861
butter_01b.jpg,3.0469166398224927
butterfly_01b.jpg,3.049318299554088
button1_01b.jpg,3.0717967833514015
button2_01b.jpg,2.952305599153302
cabbage_01b.jpg,2.6864922774344153
cabinet_01s.jpg,2.9822296331167215
cable_01b.jpg,3.35279984628141
cactus_01b.jpg,3.2175403351707796
cage_01b.jpg,3.10445184412845
cake_01b.jpg,2.8454863998992144
cake_mix_01b.jpg,2.8591449998238625
calamari_01b.jpg,2.5959275076162607
calculator_01b.jpg,3.0164108880396574
calf1_01b.jpg,2.7502741055553503
calf2_01b.jpg,2.817152507577477
calzone_01s.jpg,2.465966736425727
camcorder_01b.jpg,3.051233051526286
camel_01b.jpg,2.86548137683462
camera1_01b.jpg,3.1882134275051617
camera2_01b.jpg,3.3206399786740977
camera_lens_01b.jpg,3.4441817732988333
camper_01b.jpg,3.0194838762455083
can_01s.jpg,3.072954535254137
can_opener_01b.jpg,3.0401037717781785
candelabra_01b.jpg,3.2630866396337623
candle_01b.jpg,3.519869479562947
candlestick_01b.jpg,3.142620202345354
candy_01b.jpg,2.9450284068650197
candy_bar_01b.jpg,2.9709867601990387
candy_cane_01b.jpg,3.2037490053128623
cane_01s.jpg,3.269169200154105
canister_01b.jpg,3.1939913736738292
cannon_01b.jpg,3.2041226471789273
cannonball_01b.jpg,3.2773237034558407
canoe_01b.jpg,3.140933390850872
cantaloupe_01b.jpg,2.4561660538038175
canvas_01b.jpg,3.31435345615402
cap_01b.jpg,3.383403510861755
cape_01b.jpg,3.1757185442648543
car_01b.jpg,3.0276656339816403
car_door_01b.jpg,2.9305958607964513
car_seat_01b.jpg,3.2485178174189975
caramel_01b.jpg,3.09330219412261
card_01b.jpg,3.231048112677419
cardboard_01b.jpg,3.2118342850347372
cardigan_01b.jpg,2.962099315204231
cardinal_01b.jpg,2.8572411870602905
carousel_01b.jpg,3.2046851488482146
carriage_01b.jpg,3.113309753129361
carrot_01b.jpg,2.764619619600531
cart_01b.jpg,3.228178979610546
cash_machine_01b.jpg,2.931943761449801
cash_register_01b.jpg,3.1154224781700552
cashew_01b.jpg,2.6931238563759603
casserole_01b.jpg,2.450396001139066
cassette_01b.jpg,3.3151765354180305
cat_01b.jpg,2.6550770139231488
catapult_01b.jpg,3.1687355531439287
caterpillar_01b.jpg,2.968520849954843
catfish_01b.jpg,2.720408795284793
cauliflower_01b.jpg,2.703766005801544
caviar_01b.jpg,3.1506084283610623
cd_player_01b.jpg,2.896241869933147
celery_01b.jpg,2.5401175667738465
cello_01s.jpg,3.2291479128531577
cellphone_01b.jpg,3.170973491412252
cement_mixer_01b.jpg,3.144310382573604
centerpiece_01b.jpg,3.2072938281293855
centrifuge_01b.jpg,3.0116359318163215
cereal_01b.jpg,2.8640383143373014
chain_01b.jpg,3.1223196919213736
chainsaw_01b.jpg,3.011336793135164
chair_01b.jpg,3.293293999247703
chalice_01s.jpg,3.1698522090723924
chalk_01b.jpg,3.318928924052087
chalkboard_01b.jpg,3.2870323024271153
champagne_01b.jpg,3.0579824318748954
chandelier_01b.jpg,3.2353872724466495
chaps_01s.jpg,3.0841648834654327
charcoal_01b.jpg,3.1081886246821258
charger_01b.jpg,3.1662730515064608
chariot_01b.jpg,3.136432440995721
checkbook_01b.jpg,3.0637579975881977
checkers_01b.jpg,3.2676205971291217
cheese_01b.jpg,3.109805270446465
cheeseburger_01b.jpg,2.6393380440512813
cheesecake_01s.jpg,2.6416585125896197
cheetah_01b.jpg,2.164516231830034
cherry_01b.jpg,2.908893492918929
chess_piece_01b.jpg,3.2413540545931636
chessboard_01s.jpg,3.115996025701694
chest1_01b.jpg,2.698787609809482
chest2_01b.jpg,3.2141991255539457
chick_01b.jpg,2.609852333287491
chicken1_01b.jpg,2.4910483798315295
chicken2_01b.jpg,2.702399728173257
chicken_wire_01b.jpg,3.2208151409781207
chickpea_01b.jpg,2.750193194026027
chihuahua_01b.jpg,2.6040142570316607
chili_01b.jpg,2.5981571042217566
chime_01b.jpg,2.9776789559192895
chimney_01b.jpg,3.2405190230668435
chin_01b.jpg,3.07521033811777
chinaware_01b.jpg,3.2760626258537915
chinchilla_01b.jpg,2.5214581968511816
chip_01b.jpg,3.3001044639277177
chipmunk_01b.jpg,2.447571468998678
chips_01b.jpg,2.767941450768725
chisel_01b.jpg,2.9560906754014975
chive_01b.jpg,2.8939663166504834
chocolate_01b.jpg,2.987734245941821
chopsticks_01s.jpg,3.3979670925290106
christmas_card_01b.jpg,3.244229723546446
christmas_tree_01b.jpg,3.3181075902601167
chute_01b.jpg,3.297096436652298
cigar_01b.jpg,3.4458807824833615
cigarette_01b.jpg,3.34606141477072
cigarette_butt_01b.jpg,3.3637675763248223
cigarette_holder_01b.jpg,3.152807132615093
cilantro_01b.jpg,2.5785454965920027
cinnamon_01b.jpg,3.2787042167553127
clam_01b.jpg,2.9003926734248373
clarinet_01b.jpg,3.0346998950125488
clasp_01b.jpg,3.053396416085768
clay_01b.jpg,3.500771723678165
cleat_01b.jpg,3.1956923375855997
cleaver_01b.jpg,2.9886007236508423
clipboard_01b.jpg,3.1330716516354085
clipper1_01s.jpg,3.177401161422291
clipper2_01b.jpg,3.0452266348539423
cloak_01s.jpg,3.098495033659855
clock_01b.jpg,3.1932073449647937
closet_01b.jpg,3.067572262799599
clothes_01b.jpg,3.192226281190238
clothesline_01b.jpg,3.3454019396217953
clothespin_01b.jpg,3.1489739198706665
cloud_01b.jpg,3.260949757619456
clove_01b.jpg,3.0322510224238464
clover_01b.jpg,2.9749530919201908
coal_01s.jpg,3.183928047899346
coaster_01b.jpg,3.24803662090833
coat_01b.jpg,2.907564925413328
coat_rack_01b.jpg,3.2483979144133137
cobra_01b.jpg,2.8355857456989715
cockatoo_01b.jpg,2.8955099318319535
cockroach_01b.jpg,2.711313625562372
cocktail_01b.jpg,3.113773374125316
coconut_01b.jpg,3.1353065088928727
cocoon_01b.jpg,3.150299021808098
coffee_01b.jpg,3.1257839899234363
coffee_bean_01b.jpg,2.8878994487255083
coffee_filter_01b.jpg,3.16246416952047
coffee_pot_01s.jpg,2.958257248090126
coffee_table_01b.jpg,3.116365525164195
coffeemaker_01b.jpg,2.8110595962318694
coffin_01b.jpg,3.364359669173858
coil_01s.jpg,3.294510038365604
coin_01b.jpg,3.303285419900764
coleslaw_01b.jpg,2.7046618287870983
collar_01b.jpg,3.21160064764149
column_01b.jpg,3.183184174300148
comb_01b.jpg,3.438021601516681
combination_lock_01b.jpg,2.9946957501462523
comic_book_01b.jpg,3.1953243066469685
compass_01b.jpg,3.2297625603802462
compost_01b.jpg,3.0376947234139333
computer_01b.jpg,3.1628502436934776
computer_screen_01b.jpg,3.096861496592553
confetti_01b.jpg,3.4545141209218464
contact_lens_01s.jpg,3.3625819401041777
container_01b.jpg,3.163184558472394
cooker_01b.jpg,3.113935660782352
cookie_01b.jpg,2.5704989216262404
cookie_cutter_01b.jpg,3.231247552135864
cookie_sheet_01b.jpg,3.1017602972422855
cooler_01b.jpg,3.3447982860113594
coop_01b.jpg,3.2944456919773137
copier_01s.jpg,2.780065759941647
coral_01b.jpg,3.267400870158172
cord_01b.jpg,3.075013437922503
cordon_bleu_01b.jpg,2.447577599716564
cork_01b.jpg,3.367445032122273
corkboard_01s.jpg,3.1749283559878
corkscrew_01b.jpg,3.204693271401636
corn_01s.jpg,2.7624952733248445
cornbread_01b.jpg,2.621914251223756
cornhusk_01b.jpg,3.310621571818826
cornmeal_01b.jpg,3.1875567720535583
cornucopia_01b.jpg,2.937170402805881
corsage_01b.jpg,3.3169630266658254
corset_01b.jpg,3.0900900238500166
costume_01b.jpg,3.060093538604908
cot_01b.jpg,3.4384106226007733
cotton_candy_01b.jpg,3.0596056195185617
couch_01b.jpg,3.223629270005953
cougar_01b.jpg,2.572582865988196
counter_01b.jpg,2.9401896798885314
coverall_01b.jpg,2.7936040666609205
cow_01b.jpg,2.676893156032622
coyote_01b.jpg,2.3033531213379144
crab_01b.jpg,2.643867264882595
cracker_01b.jpg,2.9275422212124282
cranberry_01b.jpg,2.727999362039787
crane_01b.jpg,3.144882146732457
crank_01b.jpg,3.1822717470182953
crate_01b.jpg,3.228703166051658
crayfish_01b.jpg,2.577996681092505
crayon_01b.jpg,3.1562990924776644
cream_01b.jpg,3.3680245063329473
cream_cheese_01b.jpg,3.0552583646560283
credit_card_01b.jpg,3.200476731798667
creme_brulee_01b.jpg,2.7613158402288907
crepe_01b.jpg,2.5912173927519753
crib_01b.jpg,3.2495179905369627
croissant_01b.jpg,2.615809651872784
cross_01b.jpg,3.306624254670713
crossbow_01s.jpg,3.136517275039769
crouton_01b.jpg,2.5982401982865566
crow_01b.jpg,2.726741411716182
crowbar_01b.jpg,2.9717750184922265
crown_01b.jpg,3.2621528410300376
crucifix_01b.jpg,3.1069497838730116
cruise_ship_01b.jpg,3.083217836216941
crumb_01b.jpg,2.9951510904173264
crutch_01b.jpg,3.238664209544182
crystal1_01b.jpg,3.3432156200250085
crystal2_01b.jpg,3.5294814212709036
crystal_ball_01b.jpg,3.407430965953197
cuckoo_clock_01b.jpg,3.1565403068391373
cucumber_01b.jpg,2.621794344709705
cufflink_01b.jpg,3.203135147326254
cummerbund_01b.jpg,3.08312845682622
cup_01s.jpg,3.165726253631124
cupcake_01b.jpg,2.9270548379984525
curb_01b.jpg,3.3592324446015343
curling_iron_01b.jpg,3.3131145878114543
curry_01b.jpg,2.7463820796734355
curtain_01b.jpg,3.2546008449407666
cushion_01b.jpg,3.3540064420245606
cutting_board_01b.jpg,2.9622174262768075
cymbal_01b.jpg,3.190639765045591
dagger_01b.jpg,2.80005248296652
daisy_01b.jpg,3.2288444456777325
dalmatian_01b.jpg,2.852216045513426
dandelion_01s.jpg,3.262861548797256
dart_01b.jpg,3.338339198729539
dartboard_01b.jpg,3.278321543015674
dashboard_01b.jpg,3.020209907837896
deer_01b.jpg,2.396355780037089
defibrillator_01b.jpg,3.0482694550406904
denture_01b.jpg,3.2292306221405425
deodorant_01b.jpg,3.502954516959613
desk_01b.jpg,2.877367644495742
dessert_01b.jpg,2.857583026545698
detonator_01s.jpg,3.2337861443894838
dial_01b.jpg,3.0552533362427265
diamond_01b.jpg,3.321166648303505
diaper_01b.jpg,3.353329121663861
dice_01s.jpg,3.4304901886322736
dip_01b.jpg,2.345623207074912
dirt_bike_01b.jpg,3.0119448107125715
dish_01b.jpg,3.1651372673903557
dishrag_01b.jpg,3.276312434196704
dishwasher_01b.jpg,2.7126356820125825
dishwashing_liquid_01b.jpg,3.1613404918198955
diskette_01b.jpg,2.8664529721717478
diving_board_01b.jpg,3.272393242103498
dog_01b.jpg,2.8064296170981406
dogfood_01b.jpg,2.712864449922888
doghouse_01b.jpg,3.0046089031156042
doily_01b.jpg,3.3948067803581936
doll_01b.jpg,3.205998865554376
dollhouse_01b.jpg,3.254683647364081
dolly_01s.jpg,3.1990648364064693
dolphin_01b.jpg,2.8366403780285743
domino_01b.jpg,3.3585479279934085
donkey_01b.jpg,2.7160249195856676
donut_01b.jpg,2.8039502147707998
door_01b.jpg,3.1117850405482272
doorbell_01b.jpg,2.950301886100847
doorhandle_01b.jpg,2.8716728591270466
doorknob_01b.jpg,3.039439253516937
doorknocker_01b.jpg,2.9828652708811765
doormat_01b.jpg,3.0982114112039643
doorstop_01b.jpg,3.1634286952954906
dough_01b.jpg,2.965786777395027
dragonfly_01b.jpg,2.663907732806621
drain_01b.jpg,3.2583055249693653
drawer_01b.jpg,2.9670834453842905
dreidel_01b.jpg,3.490381627364584
dress_01b.jpg,3.1043485924223613
dresser_01b.jpg,2.9720047875442415
drill_01b.jpg,2.9497107535583487
drink_01b.jpg,3.0933912481220034
drum_01b.jpg,3.1689772910825402
drumstick_01s.jpg,3.2291415731605446
dryer_01b.jpg,2.956126469524335
duck_01b.jpg,2.820416069468454
duckling_01b.jpg,2.711013732762107
duct_01b.jpg,3.2170021921955407
duct_tape_01b.jpg,3.299679518628241
duffel_bag_01b.jpg,3.400146974245901
dumbbell_01b.jpg,3.08523659058603
dumbwaiter_01s.jpg,2.9122628879015453
dumpling_01b.jpg,2.95613590489289
dumpster_01b.jpg,3.1941433563546253
duster_01s.jpg,3.4769818068236744
dustpan_01b.jpg,3.3739425196069823
dynamite_01b.jpg,3.2877114033761976
eagle_01b.jpg,2.744770856714741
ear_01b.jpg,3.1496189890992436
earplug_01b.jpg,3.4086227388311316
earring_01b.jpg,3.2445103148146988
earwig_01b.jpg,2.9076358366172976
easel_01b.jpg,3.4000815659524704
easter_egg_01b.jpg,3.1807805370443045
eclair_01b.jpg,2.6594570780534132
eel_01b.jpg,3.012330173122568
egg_01b.jpg,3.033566404751526
egg_roll_01b.jpg,2.7463270422907824
eggbeater_01b.jpg,3.118741751336939
eggnog_01b.jpg,2.948620307757684
eggplant_01b.jpg,2.951652574548546
eggshell_01b.jpg,3.3168977959897115
elbow_01b.jpg,2.941516303415539
electric_chair_01b.jpg,3.2093057052865954
elephant_01b.jpg,2.3557618625042296
emerald_01b.jpg,3.3087556088991237
enchilada_01b.jpg,2.4717308078639357
engine_01b.jpg,3.0097276803355673
envelope_01b.jpg,3.254972663936899
eraser_01s.jpg,3.3566539714833716
espresso_01b.jpg,3.198003590145644
exerciser_01b.jpg,3.1070695498795775
exhaust_pipe_01b.jpg,3.2476300868060055
extinguisher_01b.jpg,3.0935618659804858
eye_01b.jpg,3.2819376258071475
eye_patch_01b.jpg,3.4546783189016015
eyedropper_01b.jpg,3.3481580487448306
eyeliner_01s.jpg,3.216657694446387
eyepiece_01s.jpg,3.1105023912768703
face_01b.jpg,2.9534098412236047
face_mask_01b.jpg,3.409694605354172
fan_01b.jpg,3.3200636018746605
fast_food_01b.jpg,2.575535016604518
faucet_01b.jpg,3.0804066683714173
feather_01b.jpg,3.4559177903755
fence_01b.jpg,3.0781982967939614
fencepost_01b.jpg,3.094394476220482
fern_01b.jpg,3.0002100532039617
ferret_01b.jpg,2.7039059614262424
ferris_wheel_01b.jpg,3.271741401916682
ferry_01b.jpg,3.002025788453986
fig_01b.jpg,2.906361594553751
figurine_01b.jpg,3.2730255053878556
file1_01b.jpg,3.2327240779418527
file2_01b.jpg,3.0844329635620293
filing_cabinet_01b.jpg,2.7184619244379746
film_01b.jpg,3.5284525823995723
filter_01b.jpg,3.22228723062035
finger_01b.jpg,3.221018215295972
fingerprint_01b.jpg,3.5100196513056074
fire_01b.jpg,3.361772047051772
fire_alarm_01b.jpg,3.086936865725168
fire_hydrant_01b.jpg,3.20487889262332
fire_pit_01b.jpg,3.4242131228735615
firecracker_01b.jpg,3.41717746726641
fireplace_01b.jpg,3.314181873385294
firetruck_01b.jpg,2.9283082679155803
firewood_01b.jpg,3.0944176339549956
fireworks_01b.jpg,3.348486078970423
first-aid_kit_01b.jpg,3.524500593207121
fish_01b.jpg,2.835797368851947
fishbowl_01b.jpg,3.1535188725773127
fishhook_01b.jpg,3.1319125830215957
fishing_pole_01b.jpg,3.252028435273467
fishnet_stockings_01b.jpg,3.246754656445364
flag_01b.jpg,3.28334206937056
flagpole_01s.jpg,3.280525879169509
flamethrower_01b.jpg,3.3317209768184513
flamingo_01b.jpg,2.7420389220872785
flan_01b.jpg,2.676508664622068
flashbulb_01b.jpg,3.1739025591099788
flashlight_01b.jpg,3.201424334686848
flask_01b.jpg,3.1333009062950503
flatiron_01b.jpg,3.260897523891859
flip_flop_01b.jpg,3.2810948304170062
flipper_01b.jpg,3.215273285748284
float_01b.jpg,3.2127138621751796
floss_01b.jpg,3.4397982585163063
flour_01b.jpg,3.2554390024362374
flower_01b.jpg,3.3418628415252942
flute_01b.jpg,3.1412053702369147
fly_01b.jpg,2.831819420512182
flypaper_01b.jpg,3.2823722393233754
flyswatter_01b.jpg,3.4476291334638502
foam_01b.jpg,3.4509264033202793
folder_01b.jpg,3.139732730839815
fondue_01s.jpg,2.8404004759819133
food_processor_01b.jpg,2.978589592057457
foot_01b.jpg,3.0270976143546697
football_01b.jpg,3.27612689587474
football_helmet_01b.jpg,3.283089589622012
footbath_01s.jpg,3.312169450581087
footprint_01b.jpg,3.3241338519857657
footrest_01b.jpg,3.2100019708041265
fork_01b.jpg,3.0260128854166672
forklift_01b.jpg,3.009706912828109
fossil_01b.jpg,3.1168818065624038
fountain_pen_01b.jpg,3.1026401390928946
fox_01b.jpg,2.6479426299967295
frame_01b.jpg,3.261448245981982
freezer_01b.jpg,2.829485070990261
french_fries_01b.jpg,2.6727063550271
french_horn_01s.jpg,2.9542094733976683
frisbee_01b.jpg,3.303289067515231
frog_01b.jpg,2.470489365791924
fruit_01b.jpg,2.7659280702838025
fruitcake_01b.jpg,2.828992991136076
fudge_01b.jpg,2.869824615263396
fungus_01b.jpg,3.222459711747197
funnel_01b.jpg,3.238234715216265
fur_coat_01b.jpg,3.2478807376495813
furnace_01b.jpg,3.377008600461151
fuse_01s.jpg,3.266848920502434
gallows_01b.jpg,3.0693909758856233
game_01s.jpg,3.1599092266831725
garbage_01b.jpg,3.3706896278761618
garbage_truck_01b.jpg,2.9322953505067675
gargoyle_01b.jpg,3.133986927566309
garlic_01b.jpg,3.094384696721376
garter_01b.jpg,3.2118661756153943
gas_mask_01b.jpg,3.304078682758471
gasket_01b.jpg,3.2468110407290203
gate_01b.jpg,3.053771568860101
gauge_01b.jpg,3.1223334006256134
gauze_01b.jpg,3.337573640370927
gavel_01b.jpg,3.307792270341074
gazelle_01b.jpg,2.4287390436509133
gear_01s.jpg,3.1279587693060833
gearshift_01b.jpg,2.9184286107730437
gel_01b.jpg,3.2450097542921768
gem_01s.jpg,3.2454561980703103
generator_01b.jpg,2.9869651508615687
gift_01b.jpg,3.4309478930783466
ginger_01b.jpg,2.936263428435138
gingerbread_man_01b.jpg,3.147781850380615
giraffe_01b.jpg,2.6343100310768666
girl_01b.jpg,3.0365002946327646
glass_01b.jpg,3.2197087413482817
glasses_01b.jpg,3.2152857018537304
globe_01b.jpg,3.231396385522265
glove_01b.jpg,3.404213979336764
glue_01s.jpg,3.3922760591354453
go-kart_01b.jpg,3.1190281046985944
goalpost_01b.jpg,3.201581996530357
goat_01b.jpg,2.464763340408189
goblet_01s.jpg,3.109972285754995
goggles_01b.jpg,3.3565420780845927
gold_01b.jpg,3.0434063966814837
goldfish_01b.jpg,2.989366687932151
golf_cart_01b.jpg,3.0578603793824004
golf_club_01b.jpg,3.037150856885419
gondola_01b.jpg,3.1869929115655338
gong_01b.jpg,3.1612466681880265
goose_01b.jpg,2.5092608133951653
gopher_01b.jpg,2.5114117952469694
gorilla_01b.jpg,2.275009297301473
gourd_01b.jpg,2.9470382383026874
graffiti_01b.jpg,3.316373316095207
grain_01b.jpg,3.0702720224003897
gramophone_01b.jpg,3.2395241677237245
granite_01b.jpg,3.167756351098169
granola_01b.jpg,2.701659133189661
grape_01b.jpg,2.824599484224068
grapefruit_01b.jpg,2.8952294878609903
grapevine_01b.jpg,3.130966186574629
grass_01b.jpg,2.8807757191377417
grasshopper_01b.jpg,2.772009656469373
grate_01b.jpg,3.1425545396650616
grater_01b.jpg,3.052716843328193
gravel_01b.jpg,3.1348211528914462
gravestone_01b.jpg,3.0223191962999336
gravy_01s.jpg,2.6389019336554655
green_beans_01b.jpg,2.4406479329901236
grenade_01b.jpg,3.0982028256657883
grill_01b.jpg,3.106701855823556
grille_01b.jpg,3.1177936218051006
grinder_01b.jpg,3.203251605744153
grits_01s.jpg,2.7555820051071347
groundhog_01b.jpg,2.448581662051383
guacamole_01b.jpg,2.576896044189473
guardrail_01b.jpg,3.069303798558782
guillotine_01b.jpg,3.2069371556767963
guinea_pig_01b.jpg,2.5492450931435657
guitar_01b.jpg,3.140294920774772
gum_01s.jpg,3.246989503513434
gumball_01b.jpg,2.8915527336513205
gumdrop_01b.jpg,2.91359131565406
gun_01b.jpg,3.0277297183612406
gurney_01b.jpg,3.263473823525231
gutter_01b.jpg,3.0905042714055315
gyro_01b.jpg,2.5820204076328763
gyroscope_01b.jpg,3.137049760954899
hail_01b.jpg,3.165126701207755
hair_01b.jpg,3.21732166504279
hairbrush_01b.jpg,3.3991779526258927
hairdryer_01b.jpg,3.2995377363250484
hairnet_01s.jpg,3.501720943128801
hairpin_01b.jpg,3.232920948305142
hairspray_01b.jpg,3.2318022468802923
ham_01b.jpg,2.762076208696851
hamburger_01s.jpg,2.756386328717805
hammer_01b.jpg,3.0366677016130925
hammock_01b.jpg,3.4540692997176587
hamster_01b.jpg,2.488959231880538
hand_01b.jpg,2.9811447638959088
handbrake_01b.jpg,3.032074422860063
handcuff_01b.jpg,3.0242586174400694
handkerchief_01b.jpg,3.319931142567535
handle_01b.jpg,3.1429948044506477
handlebar_01b.jpg,3.069580448139665
handprint_01b.jpg,3.4692292618560194
hanger_01b.jpg,3.205486356705625
hard_disk_01b.jpg,3.094573379377592
harmonica_01b.jpg,3.0694975164317184
harness_01b.jpg,3.0897109686336175
harp_01b.jpg,3.1983364517273283
hash_01b.jpg,2.544825942846674
hat_01b.jpg,3.444196047591584
hatbox_01b.jpg,3.4200766664235456
hatchet_01b.jpg,3.040419403875299
hawk_01b.jpg,2.784970091333936
hay_01b.jpg,3.2394932691266716
headband_01b.jpg,3.2082917589396307
headdress_01b.jpg,3.4575469992457615
headlamp_01b.jpg,3.3499489054341556
headlight_01b.jpg,3.0392236159010966
headphones_01b.jpg,3.1766695834546135
headrest_01b.jpg,3.1283136134616596
headscarf_01b.jpg,3.2353618441616105
headset_01b.jpg,3.181743166028371
hearing_aid_01b.jpg,3.381075653962862
hearse_01b.jpg,2.949707738713408
heater_01b.jpg,3.085800064537465
hedge_01b.jpg,3.187506471580327
hedgehog_01b.jpg,2.567862057319216
helicopter_01b.jpg,2.9792910967290616
helmet_01b.jpg,3.1757019617183206
highchair_01b.jpg,3.301637137033734
highlighter_01b.jpg,3.232821119355141
hinge_01b.jpg,2.975367022297892
hip_01b.jpg,3.05914091438383
hippopotamus_01b.jpg,2.576600298394955
hobbyhorse_01b.jpg,3.21830278103903
hockey_stick_01b.jpg,3.1073105760203594
hoe_01b.jpg,3.0893128862144135
hole_01b.jpg,3.2575546578678196
holster_01s.jpg,3.2430542959384447
home_plate_01b.jpg,3.3821978108362676
honey_01b.jpg,3.2424338747407857
honeycomb_01b.jpg,3.3187215644376002
honeypot_01b.jpg,3.2577382100946335
hood_01b.jpg,3.2913957369879996
hoodie_01b.jpg,3.0273587920276235
hook1_01b.jpg,3.125034249571737
hook2_01b.jpg,3.2369254082958525
hookah_01b.jpg,3.345316967946989
hopscotch_01b.jpg,3.3280535663976503
horn_01b.jpg,3.207579038660531
horse_01b.jpg,2.7375808602126854
horseshoe_01b.jpg,3.102147456073104
hose_01b.jpg,3.363251599973741
hot-air_balloon_01b.jpg,3.1993449019215046
hot-water_bottle_01s.jpg,3.3255431814768666
hot_chocolate_01b.jpg,3.090898886407759
hot_tub_01b.jpg,3.4602078766855637
hotdog_01b.jpg,2.74361551958773
hotplate_01b.jpg,2.9145547582549947
hourglass_01b.jpg,3.51023119738705
hovercraft_01b.jpg,2.9997525861983334
hubcap_01b.jpg,3.170582415423713
hula_hoop_01b.jpg,3.265431349792029
hummingbird_01b.jpg,3.198643279450627
hummus_01b.jpg,2.721996177312809
humvee_01b.jpg,2.856144298681296
hydrant_01s.jpg,3.118750430111265
hyena_01b.jpg,2.20521853210022
ice-cream_cone_01b.jpg,3.455733491283514
ice_01b.jpg,3.123716767750914
ice_cream_01b.jpg,3.3475555111829007
ice_cube_01b.jpg,3.280855774950526
ice_pack_01b.jpg,3.4332444956176467
icemaker_01b.jpg,3.2530068523270668
icepick_01b.jpg,3.1448871122129187
iceskate_01b.jpg,3.2418054927796183
icicle_01b.jpg,3.4274633557940284
iguana_01b.jpg,2.76023303423179
incense_01b.jpg,3.4235173593842716
incubator_01b.jpg,3.514319395683631
inhaler_01b.jpg,3.4206498095471454
ink_01b.jpg,3.2736485580592527
inkwell_01b.jpg,3.2771134746363986
insole_01b.jpg,3.228684946517183
iron_01b.jpg,3.1881419932414694
ironing_board_01b.jpg,3.1182897341846627
ivy_01b.jpg,3.1264636247190083
jack_01b.jpg,3.1127717435383313
jacket_01b.jpg,3.1444617750047983
jackhammer_01b.jpg,3.014029324914595
jalapeno_01b.jpg,2.687141740985477
jam_01b.jpg,2.7519560890734547
jar_01s.jpg,3.500239624385797
javelin_01s.jpg,3.0131073748654593
jeans_01s.jpg,2.9348311631118387
jeep_01b.jpg,3.0297267698993986
jelly_bean_01b.jpg,2.9932769985003995
jellyfish_01b.jpg,3.0521287754288413
jersey_01b.jpg,2.970652746318287
jet_01b.jpg,3.0021852928950548
jetski_01b.jpg,3.046873671937531
jewel_01b.jpg,3.359563272946306
jewelry_01b.jpg,3.26046639493394
jigsaw_puzzle_01b.jpg,3.2344520063195326
joystick_01b.jpg,3.0764119539731785
jug_01b.jpg,3.1771712585661356
juice_01b.jpg,2.9905630753953156
juicer1_01s.jpg,3.126331269665663
juicer2_01b.jpg,2.9277446687985593
jukebox_02s.jpg,3.1062880092728755
jump_rope_01b.jpg,3.3989351034919424
jumpsuit_01b.jpg,2.995491870042679
kale_01b.jpg,2.815192221812405
kaleidoscope_01b.jpg,3.3319620644100785
kangaroo_01b.jpg,2.4402192105819984
kayak_01b.jpg,3.1310394392855816
kazoo_01s.jpg,3.2622668530290624
kebab_01b.jpg,2.8302317800517978
keg_01b.jpg,3.12405852486221
ketchup_01b.jpg,2.7606886651037517
kettle_01b.jpg,2.95882904911394
key_01b.jpg,3.039073512210429
keyboard_01s.jpg,3.1960991721809777
keyhole_01b.jpg,3.0135034966959076
kilt_01b.jpg,3.200637218271473
kimono_01b.jpg,3.046061532423772
kite_01b.jpg,3.3536678905930515
kitten_01b.jpg,2.6803970560471955
kiwi_01b.jpg,2.5439094775061992
knee_01b.jpg,2.9301066127466275
kneepad_01b.jpg,3.204238542503587
knife_01b.jpg,2.9058383870766753
knitting_01b.jpg,3.43879531696424
knitting_needle_01b.jpg,3.278556292477988
knob_01b.jpg,3.334718054067525
knot_01b.jpg,3.451926368052481
koala_01b.jpg,2.3752106185061344
lab_coat_01b.jpg,3.305443204563832
ladder_01b.jpg,3.164074123996201
ladle_01b.jpg,3.1013340068534934
ladybug_01b.jpg,2.883229524476376
lamb_01b.jpg,2.602400654894741
lamb_chop_01b.jpg,2.6063473767687975
lamp_01b.jpg,3.3207234954676
lamppost_01b.jpg,3.2935173615377087
lampshade_01b.jpg,3.364839233225466
landmine_01b.jpg,3.163783054519074
lantern_01b.jpg,3.1928127921904452
lanyard_01b.jpg,3.3281469644904633
laptop_01b.jpg,3.0076247378849
lasagna_01b.jpg,2.361006368416543
laser_pointer_01b.jpg,2.970714251712815
latch_01s.jpg,3.0013497372223092
latte_01b.jpg,3.114672055357673
laundry_basket_01b.jpg,3.399213963688643
lava_01b.jpg,3.291102664846164
lavender_01b.jpg,3.245858364227924
lawnmower_01b.jpg,3.206238606583009
leaf_01b.jpg,3.2887329410507298
leash_01b.jpg,3.3522684729664025
lectern_01b.jpg,3.0297156814811905
leech_01b.jpg,3.0853896463090758
leek_01b.jpg,2.92539638968929
leg_01b.jpg,3.0353519483075253
leggings_01b.jpg,3.12208644955442
lego_01b.jpg,3.3075016277524085
lemon_01b.jpg,2.8377700089435596
lemonade_01b.jpg,3.054428685825717
lens_01s.jpg,3.1723726643878862
leopard_01b.jpg,2.3876424519895108
leotard_01b.jpg,2.9161341049592533
letter_opener_01b.jpg,3.1304575145389877
lettuce_01b.jpg,2.8294108969991822
license_plate_01b.jpg,3.094154626668137
licorice_01b.jpg,3.102151809939185
lid_01b.jpg,3.236518838132555
life_jacket_01b.jpg,3.3799220003076966
lifesaver_01b.jpg,3.2512030782082797
light_switch_01b.jpg,3.207041278751084
lightbulb_01b.jpg,3.3093194585850676
lighter_01s.jpg,3.3305901815874686
lightning_bug_01s.jpg,3.2547645573903963
lime_01b.jpg,2.7738812499546626
limousine_01s.jpg,2.993108256516131
lingerie_01b.jpg,2.9373987500197085
lion_01b.jpg,2.284878021445336
lip_balm_01b.jpg,3.397730146979006
lip_gloss_01b.jpg,3.2451806173109996
lipstick_01b.jpg,3.311243181294127
lizard_01b.jpg,2.5723874280969943
llama_01b.jpg,2.369092705977037
lobster_01b.jpg,2.648650149675392
lock_01b.jpg,3.0417687483676885
locker_01b.jpg,3.196157048105754
locket_01b.jpg,3.2985276203585703
log_01b.jpg,3.0020832315143653
loincloth_01b.jpg,3.030576893950252
lollipop_01b.jpg,3.2079213572525274
loom_01b.jpg,3.313878195066357
loveseat_01b.jpg,3.2929818761473957
luggage_01b.jpg,3.2077983344126078
lumber_01b.jpg,3.10525798841351
lunchbox_01b.jpg,3.307696666273429
macadamia_01b.jpg,2.8850788862439773
macaroni_01b.jpg,2.844815075849671
machete_01b.jpg,2.9838597185200784
machine_gun_01b.jpg,3.1423343755683377
maggot_01b.jpg,2.7687180024898943
magnet_01b.jpg,2.9752841703353807
magnifier_01b.jpg,3.079243273631497
magnifying_glass_01b.jpg,3.277561343181246
mail_01b.jpg,3.2043499537094084
mailbox_01b.jpg,3.1542124312656403
makeup_01b.jpg,3.330282705804057
mallet_01b.jpg,3.184975690876381
man_01b.jpg,3.002772339729413
manatee_01b.jpg,2.7395302930731473
mandolin_01s.jpg,3.2942933421718865
mango_01b.jpg,2.7378721167944597
manhole_01b.jpg,3.032372278375424
mannequin_01b.jpg,3.3379508584465896
mantle_01s.jpg,3.287690807414895
map_01s.jpg,3.3684292037894235
maple_syrup_01b.jpg,3.1321280834611382
marble_01b.jpg,3.2518436616849433
margarita_01b.jpg,3.0198233314043557
marijuana_01b.jpg,2.977294761828073
marker_01b.jpg,3.1758005510550196
marmalade_01b.jpg,3.166143556925771
marshmallow_01b.jpg,3.4290348885829807
mascara_01b.jpg,3.2880673715551167
mashed_potato_01b.jpg,2.7840377169991064
mask_01b.jpg,3.102686147162051
mast_01b.jpg,3.132660063806264
mat_01b.jpg,3.3071094733306494
match_01b.jpg,3.30297730405559
matchbox_01b.jpg,3.358200578981344
mattress_01s.jpg,3.4097622778330883
measuring_cup_01b.jpg,3.103221799240493
meat_01b.jpg,2.7518727877622817
meat_grinder_01b.jpg,2.916020488290762
meatball_01b.jpg,2.5435739006001254
meatloaf_01s.jpg,2.6709482800614293
medal_01b.jpg,3.125263077860073
meerkat_01b.jpg,2.3552207755233514
megaphone_01b.jpg,3.4443287937877964
melon_01b.jpg,2.8172408413051313
memory_stick_01b.jpg,2.7941894523239643
metal_detector_01b.jpg,3.2842640186283067
metronome_01b.jpg,3.1348584241307176
microphone_01b.jpg,3.205922875584194
microscope_01b.jpg,3.1916958495777688
microwave_01b.jpg,2.7833496668740834
milk_01b.jpg,2.930804803804631
milkshake_01b.jpg,3.0411745783043616
minivan_01b.jpg,2.6904140827492555
mint_01b.jpg,2.7616478251706607
mirror_01b.jpg,3.2582894058446388
missile_01b.jpg,2.989525027061508
mistletoe_01b.jpg,3.325903830016586
mitten_01b.jpg,3.3808789593521653
mixer_01b.jpg,3.0815725662142883
moccasin_01b.jpg,3.370250602246999
modem_01b.jpg,3.081947264497116
mold1_01b.jpg,3.1757177773837673
mold2_01b.jpg,3.1907694083281495
mole_01b.jpg,2.392462306755039
money_01b.jpg,3.3097406766913267
mongoose_01b.jpg,2.1511011358230516
monkey_01b.jpg,2.3370995337548206
moose_01b.jpg,2.31640728720258
mop_01b.jpg,3.289933466654822
mosquito_01b.jpg,2.743397735777735
mosquito_net_01b.jpg,3.4729865336125183
moss_01b.jpg,2.9001721000680507
moth_01b.jpg,3.11434033329572
motherboard_01b.jpg,2.910979272945635
motorcycle_01b.jpg,2.960957652514925
mouse1_01b.jpg,2.3929171444919204
mouse2_01s.jpg,3.299752852416226
mousepad_01b.jpg,3.3432617017007717
mousetrap_01b.jpg,3.367069241870592
mousse_01b.jpg,2.7801821942311493
mouth_01b.jpg,3.206607135998547
mouthpiece_01s.jpg,3.333907699709566
mud_01b.jpg,3.194164529215788
muff_01b.jpg,3.2998751221470948
muffin_01b.jpg,2.8230478813652304
mug_01b.jpg,3.12510781606973
mulberry_01b.jpg,2.7093066252154894
mulch_01b.jpg,3.1035192197599226
mullet_01b.jpg,3.176629475192772
mushroom_01b.jpg,3.218716475213306
music_box_01b.jpg,3.2797864297436052
mussel_01b.jpg,2.883385521796644
mustache_01b.jpg,3.1660095155215364
mustard_01b.jpg,2.9600915520450406
nacho_01b.jpg,2.8481870424777047
nail_01b.jpg,2.892595639631693
nail_clippers_01b.jpg,3.0283101613920587
nail_file_01b.jpg,3.2090032858355513
nail_polish_01b.jpg,3.265877385130649
napkin_01b.jpg,3.17561832834313
napkin_ring_01b.jpg,3.370689614439532
navel_01b.jpg,2.8528346881999203
neck_01b.jpg,3.047142273953447
necklace_01b.jpg,3.3021464344254943
needle_01s.jpg,3.237171936564984
nest_01b.jpg,3.3777936878802794
net_01b.jpg,3.357525232140616
nightshirt_01b.jpg,3.084407219556243
nightstand_01b.jpg,3.044615898736064
noisemaker_01b.jpg,3.3087722003916897
noodle_01s.jpg,2.8460264453805193
noose_01b.jpg,3.377075949301489
nose_01b.jpg,2.9158032463092236
notebook_01b.jpg,3.2120273592074797
notepad_01b.jpg,3.342998986000239
nut_01b.jpg,2.746436801821938
nutcracker_01b.jpg,3.053070592128841
oar_01b.jpg,3.269749460291165
oatmeal_01s.jpg,2.7359462092787066
octopus_01b.jpg,2.7212963398359746
odometer_01b.jpg,2.985463151627607
oil_01b.jpg,3.1167774719880783
oilcan_01b.jpg,3.1710266313382056
okra_01b.jpg,2.6987548457257198
olive_01b.jpg,2.6497202900273265
omelet_01b.jpg,2.587288909632972
onion_01b.jpg,2.9091544532271882
orange_01b.jpg,2.7922155075954493
orange_rind_01b.jpg,3.147281930581715
orangutan_01b.jpg,2.227790030534131
orchid_01b.jpg,3.1899628890318446
organ_01b.jpg,2.996712895228459
origami_01b.jpg,3.3326630795164807
ostrich_01b.jpg,2.4375434713466873
otter_01b.jpg,2.010735289517224
ottoman_01b.jpg,3.135957860136264
outfit_01s.jpg,3.007795232819915
outlet_01b.jpg,2.95578333338132
oven_01b.jpg,2.8198089357297804
overalls_01s.jpg,2.9277008593096427
owl_01b.jpg,2.6497357517112072
oyster_01b.jpg,2.9329408393039804
pacifier_01s.jpg,3.3549340485956547
paddle_01s.jpg,3.1944445980129053
padlock_01b.jpg,2.8239458274784477
paint_01b.jpg,3.3684772985834135
paintbrush_01b.jpg,3.295477239078171
painting_01b.jpg,3.349684853441408
pajamas_01b.jpg,2.961377327262642
palette_01b.jpg,3.4662596585395176
pallet_01b.jpg,2.9765449855586557
palm_tree_01b.jpg,3.1145783584328948
pan_01b.jpg,2.829972969024894
pancake_01b.jpg,2.6742590657269965
panda_01b.jpg,2.434148336577442
panther_01b.jpg,2.3818959863676485
panties_01b.jpg,2.859731659881515
pants_01b.jpg,2.890802970706261
pantsuit_01b.jpg,2.8453939807373936
pantyhose_01b.jpg,3.0139095849656616
papaya_01b.jpg,2.693109659555045
paper_01b.jpg,3.2475864521330875
paper_bag_01b.jpg,3.2016373201839623
paper_plate_01b.jpg,3.120374711980924
paper_towel_01b.jpg,3.2024347251969916
paperclip_01s.jpg,2.991686214069527
paperweight_01b.jpg,3.1641130458004554
parachute_01b.jpg,3.2777784849775515
parfait_01b.jpg,2.8399716459076316
parking_meter_01b.jpg,3.1350327630285832
parrot_01b.jpg,2.742460675657359
parsley_01b.jpg,2.632400811402636
pasta_01b.jpg,2.7677610382008333
pastry_01b.jpg,2.640170332462334
patch_01b.jpg,3.098788842832592
patty_01b.jpg,2.6775805331614606
payphone_01b.jpg,2.966764259905508
pea_01s.jpg,2.466852809901807
peach_01b.jpg,2.9311610606739418
peacock_01b.jpg,3.046131188285019
peanut_01b.jpg,2.650538580687701
peanut_butter_01s.jpg,2.7771307078153544
pear_01b.jpg,2.818189162312284
pearl_01b.jpg,3.3934442505387246
pecan_01b.jpg,2.713199705564108
pedal_01b.jpg,2.918390695556915
pedometer_01b.jpg,3.039750004706436
peeler_01b.jpg,3.135645784859169
peg_01b.jpg,3.338338789026701
pelican_01b.jpg,2.771652867100241
pen_01b.jpg,3.007394385053065
pencil_01s.jpg,3.108087553940862
pencil_sharpener_01b.jpg,3.011383863033227
pendulum_01b.jpg,3.447968030602333
penguin_01b.jpg,2.822162044381589
penholder_01b.jpg,3.4276454620087953
penlight_01b.jpg,3.1418805324764185
pennant_01b.jpg,3.3478949627071417
pepper1_01b.jpg,3.213868290710808
pepper2_01b.jpg,2.7966424346022993
pepper_mill_01b.jpg,2.9921729161499746
peppermint_01b.jpg,3.332116510368394
pepperoni_01b.jpg,2.8752053250974434
perfume_01b.jpg,3.262403620965744
periscope_01b.jpg,3.312616170772616
pesto_01b.jpg,2.766182508136531
pet_food_01b.jpg,2.8184384944166254
petal_01b.jpg,3.335672098454658
petri_dish_01b.jpg,3.282594370438846
pheasant_01b.jpg,2.7604422706669802
phone_01b.jpg,3.2444381092563663
phone_booth_01b.jpg,3.219651384227691
photo_booth_01b.jpg,3.1425572459857416
photograph_01b.jpg,3.316286765711901
piano_01b.jpg,3.1545702220041347
pickax_01b.jpg,2.9616532695320847
pickle_01b.jpg,2.715827180233535
pie_01b.jpg,2.8770320951774067
piecrust_01s.jpg,3.0630707100051304
pig_01b.jpg,2.241399258706511
pigeon_01b.jpg,2.7121810772318273
piggy_bank_01b.jpg,3.3228899203185414
piglet_01b.jpg,2.4552870865043337
pill_01b.jpg,3.497146705727315
pillbox_01b.jpg,3.355222716441519
pillow_01b.jpg,3.285690739884339
pin_01b.jpg,3.3292838550354604
pinball_01b.jpg,3.1399418779788504
pincushion_01b.jpg,3.4000136081577303
pine_needle_01b.jpg,2.9792029364471913
pine_tree_01s.jpg,3.127730593558184
pineapple_01b.jpg,2.865454460629974
pinecone_01b.jpg,3.2347804952689696
ping-pong_table_01b.jpg,3.1688446984741026
pinwheel_01b.jpg,3.3797514174685666
pipe1_01b.jpg,3.3844317535890043
pipe2_01b.jpg,3.303879723556097
pistachio_01b.jpg,2.632466300076889
pita_01b.jpg,2.7475572125159653
pitcher_01b.jpg,3.151289798099783
pitchfork_01b.jpg,3.157938732307491
pizza_01b.jpg,3.0321807163903767
place_mat_01b.jpg,3.1511556292969978
plant_01b.jpg,2.8062584625997045
plaster_cast_01b.jpg,3.4197852883051567
plastic_film_01b.jpg,3.479453814893288
plate_01b.jpg,2.993565250999615
platypus_01b.jpg,2.790239287707725
playing_card_01b.jpg,3.104812575616841
playpen_01b.jpg,3.271932569935926
pliers_01s.jpg,2.895226619973752
plug_01b.jpg,2.979023702671228
plum_01b.jpg,2.8611572823261433
plunger_01s.jpg,3.2402796655388024
pocket_01b.jpg,3.257920082377347
pocket_watch_01b.jpg,3.3104970606572786
pocketknife_01b.jpg,3.2150193423157636
pogo_stick_01s.jpg,3.026097804519529
poinsettia_01b.jpg,3.1132593566480375
poker_01s.jpg,2.9174135702996784
polar_bear_01b.jpg,2.532543411320656
polaroid_01b.jpg,3.179636445849437
pole_01s.jpg,3.3141329962767476
police_car_01s.jpg,2.8197646005148798
polisher_01b.jpg,3.1326419990962577
polo_shirt_01s.jpg,3.096402382232588
polygraph_01b.jpg,2.96394469590389
pom-pom_01b.jpg,3.3398119070448686
pomegranate_01b.jpg,2.8192289347857953
pony_01b.jpg,2.3132408862169895
poodle_01b.jpg,2.8666564239787884
pool_table_01s.jpg,3.248383746518858
popcorn_01b.jpg,3.1716683925116946
poppy_01b.jpg,3.1761427596140206
popsicle_01b.jpg,3.1994260554076437
porcupine_01b.jpg,2.6546961328460723
porthole_01b.jpg,3.1943063062547705
possum_01b.jpg,2.260592851774339
poster_01s.jpg,3.119184105904731
pot_01b.jpg,3.08343910481325
potato_01b.jpg,2.516198697625792
potholder_01s.jpg,3.0593159076320604
pothole_01b.jpg,2.9964490091657576
potpie_01b.jpg,2.414228203895916
potpourri_01b.jpg,3.3453652699265826
powder_01b.jpg,3.081701767151538
power_line_01b.jpg,3.0956924812544226
praying_mantis_01b.jpg,2.5732975540046548
pretzel_01b.jpg,2.984949427790276
printer_01s.jpg,2.8597924059560684
prism_01b.jpg,3.411394350273664
projector_01b.jpg,2.9957046234474403
propeller_01s.jpg,2.9418382008841863
prune_01b.jpg,2.9919253999699675
puck_01b.jpg,3.065470244334185
pudding_01b.jpg,2.7675388309326046
puddle_01b.jpg,2.9918946392695567
puffin_01b.jpg,2.6338464481463215
pug_01b.jpg,2.645688034700896
pulley_01b.jpg,3.1010383081666597
pulpit_01b.jpg,3.187195093666954
pump_01b.jpg,2.9860920085347034
pumpkin_01b.jpg,3.1772765198258184
punch1_01s.jpg,2.983839901227645
punch2_01b.jpg,2.9970574040162066
punching_bag_01b.jpg,3.28135638752669
puppet_01b.jpg,3.146739218069648
puppy_01b.jpg,2.6214037699777193
purse_01b.jpg,3.2966615699691832
quad_01b.jpg,3.002840926163175
quesadilla_01b.jpg,2.4800601092700028
quiche_01b.jpg,2.5664077657787376
quill_01b.jpg,3.3783321234131334
quilt_01b.jpg,3.2923115020312976
rabbit_01b.jpg,2.403108528104275
raccoon_01b.jpg,2.2710958791754274
racehorse_01b.jpg,2.895571748520501
rack1_01b.jpg,3.1928720024689436
rack2_01s.jpg,3.0935515516709717
racket_01b.jpg,3.3169845253349934
radar_01s.jpg,3.1413387687989127
radiator_01b.jpg,3.1693520151686965
radio_01b.jpg,3.3388131658672378
radish_01b.jpg,2.7363556366565462
raft_01b.jpg,3.272322063334459
rag_01b.jpg,3.169934864085243
railing_01b.jpg,3.0278921890758776
rain_gauge_01b.jpg,3.3034985777340253
raincoat_01s.jpg,3.181059562796486
raisin_01b.jpg,2.860415213242793
rake_01b.jpg,3.411513980173929
ram_01b.jpg,2.6810993496851294
ramp_01b.jpg,3.0600509087277623
raspberry_01b.jpg,2.791049521478139
rat_01b.jpg,2.1256657619175274
ratchet_01s.jpg,2.8895446344702727
rattle_01b.jpg,3.3336530661479853
rattlesnake_01b.jpg,2.825452950430409
ravioli_01b.jpg,2.426678372535884
razor_01b.jpg,3.2217673194377956
razor_blade_01b.jpg,3.3256682801293858
ready_meal_01b.jpg,2.683893637203954
rearview_mirror_01s.jpg,3.3703793275654252
recliner_01b.jpg,3.186587360747265
record_01b.jpg,2.9832829870090922
record_player_01b.jpg,3.208097366494603
recorder_01b.jpg,3.3418553494292844
red_carpet_01s.jpg,3.363736141777773
reel_01b.jpg,3.1708990654903744
refrigerator_01b.jpg,2.8972319768870376
reindeer_01b.jpg,2.7260219535908448
remote_control_01b.jpg,3.15378389267488
retainer_01b.jpg,3.341230793782358
revolver_01s.jpg,2.9634214960317156
revolving_door_01b.jpg,3.134557887410326
rhinoceros_01b.jpg,2.5100058590295093
rhubarb_01b.jpg,3.056845829989844
ribbon_01b.jpg,3.3971575043202655
rice_01b.jpg,2.9149197958572013
rickshaw_01b.jpg,3.187049359938317
rifle_01s.jpg,3.0246903083649403
rim_01b.jpg,3.1406191146794735
ring_01b.jpg,3.402670009912648
riser_01b.jpg,3.2383724989940452
road_sign_01b.jpg,3.144417851087192
roadsweeper_01b.jpg,2.986182795613208
robe_01s.jpg,3.1774724028865275
robot_01b.jpg,3.1441045871614364
rock_01s.jpg,3.17720142635089
rocket_01b.jpg,3.0375399249040456
rocking_chair_01b.jpg,3.3293353757438355
rocking_horse_01s.jpg,3.0207470717834246
roll_01b.jpg,2.718639646104327
roller_01b.jpg,3.1013921179411628
roller_coaster_01b.jpg,3.198198767487455
rollerblade_01b.jpg,3.167536877470157
rollerskate_01b.jpg,3.1669396327889103
rolling_pin_01b.jpg,3.1429743795535208
roof_rack_01b.jpg,3.117708450435335
rooster_01b.jpg,2.787948926251579
root_01b.jpg,3.0900452569569365
rope_01b.jpg,3.4275068747219026
rosary_01b.jpg,3.289803169195848
rose_01b.jpg,3.1564909049886336
roulette_wheel_01b.jpg,3.2834744385493986
router_01b.jpg,2.970077282220691
rubber_band_01b.jpg,3.2690602659139545
ruby_01b.jpg,3.3109222607206767
rudder_01b.jpg,3.1822210164851854
rug_01b.jpg,3.2065862712531836
ruler_01b.jpg,3.2986457357856183
rust_01b.jpg,3.1561679398307025
saddle_01s.jpg,3.135567136117324
safety_pin_01b.jpg,3.2043081134214813
saffron_01b.jpg,3.026151740438726
sail_01b.jpg,3.3094308381403805
sailboat_01b.jpg,3.178809921520124
salad_01b.jpg,2.4179856573232357
salami_01b.jpg,2.79901246625698
saltshaker_01b.jpg,3.1170308552435944
sand_01b.jpg,3.3518541236061083
sandal_01b.jpg,3.070494149456136
sandbag_01b.jpg,3.3317060919968027
sandbox_01b.jpg,3.2597370042031963
sandcastle_01b.jpg,3.396449482115956
sandpaper_01b.jpg,3.4205632368968324
sandwich_01b.jpg,2.6778594407417944
sarcophagus_01b.jpg,3.359562177316239
sardine_01s.jpg,2.954247650711085
satellite_01b.jpg,3.0756022156404725
satellite_dish_01b.jpg,3.1817642786422686
sauce_01b.jpg,2.950014272610286
saucer_01b.jpg,3.026168357708265
sauerkraut_01b.jpg,2.9477790799017187
sausage_01b.jpg,3.121669682494321
saw_01s.jpg,3.1576393374714913
sawhorse_01b.jpg,3.058256225278389
saxophone_01s.jpg,2.9622600095495284
scaffold_01s.jpg,3.1264498108296745
scaffolding_01b.jpg,3.060418930367656
scale_01b.jpg,3.2266675587818536
scallion_01b.jpg,2.8033563134419697
scallop_01b.jpg,2.820772042137777
scalpel_01b.jpg,3.126708637604548
scanner_01b.jpg,2.7263410739278937
scarecrow_01b.jpg,3.280880918379975
scarf_01s.jpg,3.178214929708415
school_bus_01b.jpg,2.9500516581032485
scissors_01s.jpg,3.1703617492399863
scone_01b.jpg,2.771978553765212
scoop_01b.jpg,3.1521141408294717
scooter_01b.jpg,3.113740213381591
scoreboard_01b.jpg,3.168297523861417
scorpion_01b.jpg,2.9109577720869018
scrabble_01b.jpg,2.983304505255155
scrambled_egg_01b.jpg,2.6540493073984845
scraper_01b.jpg,2.9805660740754636
screen1_01b.jpg,3.427862109248319
screen2_01b.jpg,3.382197227137019
screw_01s.jpg,3.1188238587410986
screwdriver_01s.jpg,3.0472254253812485
scuba_01b.jpg,3.235538739929124
sea_urchin_01b.jpg,3.216662507093533
seafood_01b.jpg,2.9680738464215097
seagull_01b.jpg,2.826705243862777
seahorse_01b.jpg,2.8533812949379302
seal_01b.jpg,2.6026480906879046
seaplane_01b.jpg,2.831682550757893
seatbelt_01b.jpg,3.216926163622155
seaweed_01b.jpg,3.1955216403921334
seed_01b.jpg,3.1038403119867506
seesaw_01b.jpg,3.2329008019261
seismograph_01b.jpg,3.276954590619311
sequin_01b.jpg,3.0739050664671996
sewage_01b.jpg,3.2119979949909996
sewing_kit_01b.jpg,3.2871225487265425
sewing_machine_01b.jpg,3.1606478932114515
shaker_01b.jpg,2.83113336072363
shark_01b.jpg,2.7885284423510255
shaving_cream_01b.jpg,3.3584407331944504
shawl_01b.jpg,3.3584175698452006
shears_01b.jpg,3.1214038661117276
sheath_01b.jpg,3.2938328113552364
sheep_01b.jpg,2.5586470476776753
sheet_01b.jpg,3.249782751993621
shelf_01b.jpg,3.0416743482104893
shell1_01b.jpg,3.009542049950775
shell2_01b.jpg,3.3176623028623693
shell3_01b.jpg,3.0324307566817263
shield_01b.jpg,3.2267286591534603
ship_01b.jpg,3.1129290030633157
shirt_01s.jpg,3.064801658463797
shoe_01s.jpg,3.2662678199959903
shoe_polish_01s.jpg,3.457875383493459
shoehorn_01b.jpg,3.224865862754795
shoelace_01b.jpg,3.3157989893321225
shopping_basket_01b.jpg,3.397700254969964
shopping_cart_01b.jpg,3.31428086402568
shortbread_01b.jpg,2.7734549481435176
shorts_01b.jpg,2.8738791467584273
shoulder_01b.jpg,3.0921043242617894
shovel_01b.jpg,2.897645105421963
shower_01b.jpg,3.0434440308719415
shower_cap_01b.jpg,3.453059242613829
shower_curtain_01b.jpg,3.195030414593504
showerhead_01b.jpg,3.1363543036310535
shredder_01b.jpg,2.994108456377053
shrimp_01b.jpg,2.929076544792232
shuffleboard_01b.jpg,3.3699463601379316
shutter_01b.jpg,3.2084814108138606
sickle_01b.jpg,3.0764488128185086
sidecar_01b.jpg,3.003084725253292
sifter_01b.jpg,3.140896179598146
silicone_01b.jpg,3.3317286534198223
silverware_01b.jpg,2.9726810508287977
sim_card_01b.jpg,3.0844051296046078
sink_01b.jpg,3.128053878326763
siren_01s.jpg,3.373141942804992
skateboard_01b.jpg,3.279620679429248
skeleton_01b.jpg,3.2450021402874247
skewer_01b.jpg,3.257084751483631
ski_01b.jpg,3.2309719355170077
ski_boots_01b.jpg,3.1695089187472267
ski_lift_01b.jpg,3.057722716022847
ski_pole_01b.jpg,3.231053753638107
skin_01b.jpg,3.1043665967715968
skirt_01b.jpg,3.144851166728504
skull_01b.jpg,3.143127724623768
skunk_01b.jpg,2.5874216370690255
sled_01b.jpg,3.2508966950111584
sledgehammer_01b.jpg,2.9227141252239184
sleeping_bag_01b.jpg,3.4714693625212645
slicer_01b.jpg,2.813306753400233
slide_01b.jpg,3.220119810591421
slime_01b.jpg,3.3277823442184795
sling_01b.jpg,3.450669471435523
slingshot_01b.jpg,3.4218552190901526
slipper_01b.jpg,3.224266277152005
slot_01b.jpg,3.221990691797598
slot_machine_01b.jpg,3.1421811617760893
sloth_01b.jpg,2.4345696317069825
slug_01s.jpg,2.8128186829406343
smoke_alarm_01b.jpg,3.1614396976805605
smoothie_01b.jpg,2.888248601149709
snack_01b.jpg,2.717423658369891
snail_01b.jpg,3.0584629047776435
snake_01b.jpg,2.934961987478121
snorkel_01b.jpg,3.341346417335241
snow_01b.jpg,3.1656188493503175
snowball_01b.jpg,3.3376539978773616
snowboard_01b.jpg,3.379126869336383
snowman_01b.jpg,3.364780730828827
snowmobile_01b.jpg,3.019454027292177
snowplow_01b.jpg,3.19339603558333
snowshoe_01b.jpg,3.1741736927316593
snowsuit_01b.jpg,3.220495346726168
soap_01b.jpg,3.357106091591941
soccer_ball_01b.jpg,3.2033808236978505
sock_01b.jpg,3.410950589991386
soda_01b.jpg,2.925359100822728
soda_fountain_01s.jpg,3.0589036766788076
sofa_bed_01b.jpg,3.156462557598866
solar_panel_01b.jpg,3.3443402043958956
soldering_iron_01b.jpg,3.230947903337783
sombrero_01b.jpg,3.298362705358947
sonogram_01b.jpg,3.3752656165633996
sorbet_01b.jpg,2.890023485709257
souffle_01s.jpg,2.678184228143379
soup_01b.jpg,2.832372838565992
soy_sauce_01s.jpg,2.953268934493049
space_shuttle_01b.jpg,3.1141580125208215
spacesuit_01b.jpg,3.3388709908885787
spaghetti_01b.jpg,2.8716945121555195
spam_01b.jpg,2.712697755428227
spareribs_01b.jpg,2.9340356020076843
spark_plug_01b.jpg,3.0800983348556943
sparkler_01b.jpg,3.54770089006378
spatula_01b.jpg,3.0955768520471487
speaker_01s.jpg,3.1554756274700106
spear_01s.jpg,3.0934506392711087
speedboat_01s.jpg,3.0973523153262903
speedometer_01b.jpg,2.9431056302329606
spider_01b.jpg,2.980279958818042
spider_web_01b.jpg,3.3769181934745736
spinach_01b.jpg,2.8076686760775056
splinter_01b.jpg,3.2503109779394284
sponge_01b.jpg,3.1788774701007947
spool_01b.jpg,3.1692114083971497
spoon_01b.jpg,2.9509165266216435
spout_01b.jpg,3.253599245368379
spring_roll_01b.jpg,2.8798209427628767
springboard_01b.jpg,3.2885396730121736
sprinkler_01b.jpg,3.173355338446165
sprouts_01b.jpg,2.8411847958473477
spur_01b.jpg,3.1540553986691555
squash_01b.jpg,2.6816619770284342
squeegee_01b.jpg,3.093662129973152
squid_01b.jpg,2.717380903346673
squirrel_01b.jpg,2.540214337569696
squirt_gun_01b.jpg,3.321976390992461
stained_glass_01b.jpg,3.1636078419927003
stair_01b.jpg,3.095121679346198
stake_01b.jpg,3.3352018095461426
stalagmite_01b.jpg,3.2271040408917604
stamp1_01b.jpg,3.356507879826535
stamp2_01b.jpg,3.35682969328349
staple_01b.jpg,3.2384779891835187
staple_gun_01b.jpg,3.051528594034602
stapler_01b.jpg,3.044790500858619
star_fruit_01b.jpg,2.9065571305003326
starfish_01b.jpg,3.0952964478661698
station_wagon_01b.jpg,2.8966569259509343
statue_01b.jpg,3.0757109954109536
steak_01b.jpg,2.7378843587170953
steamroller_01b.jpg,3.06261337744453
steering_wheel_01b.jpg,3.095710630649129
stem_01b.jpg,3.0403880664573824
step_stool_01b.jpg,2.9967828329849224
stereo_01b.jpg,2.9367250124903084
stethoscope_01b.jpg,3.2297417327788662
stew_01b.jpg,2.59650878400382
stick_01b.jpg,3.1041461943289206
sticker_01b.jpg,3.1635689597352696
stiletto_01b.jpg,3.14974553441669
stilt_01b.jpg,3.2356696772178872
stingray_01s.jpg,2.832821865223599
stir_fry_01s.jpg,2.5476971683701155
stirrup_01b.jpg,3.088017438561023
stockings_01b.jpg,3.137732290030782
stomach_01b.jpg,2.8409356361420066
stool_01b.jpg,3.248230433407671
stopwatch_01b.jpg,3.1239415816925944
stove1_01b.jpg,2.974911036415161
stove2_01b.jpg,3.214923511865495
straightjacket_01b.jpg,3.0792625617865466
strainer_01b.jpg,3.0936654652802136
strap_01b.jpg,3.135657325640098
straw1_01b.jpg,3.290465019165311
straw2_01b.jpg,3.3140876299337134
strawberry_01b.jpg,2.7815278915272725
streetlight_01b.jpg,3.2530646241093426
stretcher_01s.jpg,3.410270246021748
string_cheese_01b.jpg,3.0323112618606505
stroller_01b.jpg,3.389981335932671
stuffing_01b.jpg,2.4784056265808503
stump_01b.jpg,3.093034501751582
submarine_01b.jpg,3.0013260615641046
subway_01b.jpg,3.1382177648392555
sugar_cube_01b.jpg,3.2140604236674135
suit_01b.jpg,2.95401640238577
suitcase_01b.jpg,3.107561260440773
sundae_01b.jpg,2.9811455531778055
sundial_01b.jpg,3.20663025550429
sunflower_01b.jpg,3.2353123237450063
sunglasses_01b.jpg,3.3929668509692927
sunroof_01b.jpg,3.322374872191932
surfboard_01b.jpg,3.297042809627384
sushi_01b.jpg,2.849093503813025
suspenders_01b.jpg,3.217086610088402
swab_01b.jpg,3.460301093304293
swan_01b.jpg,2.962002240631552
sweater_01b.jpg,3.158705343286172
sweatsuit_01s.jpg,2.876794602435683
sweeper_01b.jpg,3.258290805216385
sweet_potato_01b.jpg,2.8539471989640552
swimming_pool_01b.jpg,3.2890215115085
swimsuit_01b.jpg,3.2106122450360814
swing_01b.jpg,3.2170951000496055
swing_set_01b.jpg,3.305192378667562
switch_01b.jpg,3.064594276687182
swizzle_stick_01b.jpg,3.2079041939431923
sword_01b.jpg,3.0331531869318686
swordfish_01b.jpg,2.829062093980307
syringe_01b.jpg,3.333388760850069
syrup_01s.jpg,3.1384967869482776
t-shirt_01b.jpg,3.089349590262275
tab_01b.jpg,3.149861464147656
table_01b.jpg,2.934312401871835
tablecloth_01b.jpg,3.2698993706256996
tablet_01b.jpg,3.054250170317622
tack_01b.jpg,3.1420949436481895
tackle_01b.jpg,3.317059103613869
taco_01b.jpg,2.386806126739307
tadpole_01b.jpg,2.7816902939556667
taffy_01b.jpg,3.2594720672514814
tag_01b.jpg,3.203878576152935
taillight_01b.jpg,3.088082198019856
tamale_01b.jpg,3.0726989522565815
tambourine_01b.jpg,3.2835939668993728
tank1_01b.jpg,2.8285649073799797
tank2_01b.jpg,3.2382094962442665
tape_01b.jpg,3.426292480472943
tape_measure_01b.jpg,3.0841253655947223
tape_recorder_01b.jpg,3.0385944866942247
tapestry_01b.jpg,3.185849493814758
tarantula_01b.jpg,2.897513852420727
target_01b.jpg,3.2812660582959516
tarp_01b.jpg,3.317530453554432
tattoo_01b.jpg,3.2105232084554673
taxi_01s.jpg,2.8706950854237734
tea_01b.jpg,3.175543948562767
teabag_01b.jpg,3.351069142412871
teacup_01b.jpg,3.1201156615817816
teapot_01b.jpg,3.1924631766953184
teddy_bear_01b.jpg,3.095899848225971
tee_01b.jpg,3.3623281737927084
teepee_01b.jpg,3.4376009006394317
telegraph_01s.jpg,2.951926731759312
telephone_pole_01b.jpg,3.136662322927254
telescope_01b.jpg,3.4130888024448307
television_01b.jpg,3.0577025473165884
tennis_ball_01b.jpg,3.286926595267218
tent_01b.jpg,3.5133043786405866
terrarium_01b.jpg,3.305998296725767
test_tube_01b.jpg,3.221576908422277
thermometer_01b.jpg,3.3239850748621205
thermos_01b.jpg,3.1337089487306766
thermostat_01b.jpg,3.0900590703659554
thimble_01b.jpg,3.181354749715975
thorn_01b.jpg,3.2853041454303007
thread_01b.jpg,3.3109477075977627
throne_01b.jpg,3.2060955109321823
thumb_01b.jpg,3.218306419460529
thumbtack_01b.jpg,3.2570881893567667
tiara_01b.jpg,3.308263633120684
tick_01b.jpg,2.934693575091932
ticktacktoe_01b.jpg,3.2459432621319646
tie_01b.jpg,3.1526406046118907
tiger_01b.jpg,2.1420242570850467
tile_01s.jpg,3.1709264494159255
timer_01b.jpg,3.2775234940676072
tinsel_01b.jpg,3.336333218870955
tiramisu_01b.jpg,2.718993532039747
toad_01b.jpg,2.541308777534828
toast_01b.jpg,2.719548426186771
toaster_01b.jpg,2.896269378833887
toaster_oven_01b.jpg,2.854795286239415
toe_01b.jpg,3.1074098219757893
toga_01b.jpg,3.055415274357142
toilet_01b.jpg,3.007471921762757
toilet_paper_01b.jpg,3.3340679928810917
tomato_01b.jpg,2.7089062533435952
tomato_sauce_01b.jpg,2.7173881569480374
tongs_01s.jpg,3.1461791399576167
tongue_01s.jpg,2.9108248790458204
tool_01b.jpg,2.949305620055777
toolbox_01b.jpg,3.07816841826373
tooth_01b.jpg,3.2592694828065127
toothbrush_01s.jpg,3.225748278117488
toothpaste_01b.jpg,3.315359665704992
toothpick_01b.jpg,3.1586306065061067
top_hat_01b.jpg,3.2987670901635116
torch_01b.jpg,3.513438967224565
torpedo_01s.jpg,3.2487338216271433
torso_01s.jpg,2.933191467891043
tortellini_01b.jpg,2.846131411518547
tortilla_01b.jpg,2.8445593660636037
tostada_01b.jpg,2.5690406049470655
totem_pole_01b.jpg,3.116406184189272
toucan_01b.jpg,2.869801090445431
touchpad_01b.jpg,2.906404347549483
towel_01b.jpg,3.0217442468522218
towel_rack_01b.jpg,3.297372915689967
toy_01s.jpg,3.2478091515953644
tractor_01b.jpg,2.865550606311041
traffic_light_01b.jpg,3.2754525535487993
trailer_01b.jpg,3.2459122668667533
train_01b.jpg,2.9828989388296394
train_car_01b.jpg,3.0425489608030465
train_set_01b.jpg,3.1164378900084118
trampoline_01b.jpg,3.2700287840179234
trap_01b.jpg,3.401888684191
trapdoor_01b.jpg,3.063411641617507
trashcan_01b.jpg,3.21862875486147
tray_01s.jpg,3.190884506568305
treadmill_01b.jpg,3.171217826005046
treasure_01b.jpg,3.3337799012814813
tree_01b.jpg,3.146869959922328
tree_trunk_01b.jpg,3.0393736486163876
triangle_01b.jpg,3.2068360797790394
tricycle_01b.jpg,3.1063762079450354
trident_01b.jpg,3.061311834233632
trigger_01s.jpg,2.922192833013521
tripod_01b.jpg,3.3157070626276455
trolley_01b.jpg,2.7548622243681966
trombone_01s.jpg,3.0856700062919367
trophy_01b.jpg,3.3035497228679085
trough_01b.jpg,3.0391033926897384
trowel_01s.jpg,3.1084021362584577
truck_01b.jpg,2.8713353368341132
trumpet_01s.jpg,3.1029118763876005
trunk_01b.jpg,3.1692934368669
tuba_01b.jpg,3.1765310331397174
tube_top_01b.jpg,3.1860976886913175
tugboat_01b.jpg,2.91287268257065
tulip_01b.jpg,3.093110096823627
tumbleweed_01b.jpg,3.2952250473627323
tuning_fork_01b.jpg,3.218175635124569
tupperware_01b.jpg,3.2556890106145975
turban_01b.jpg,3.405608486652556
turbine_01b.jpg,3.2608021283521866
turf_01b.jpg,2.997291053724783
turkey_01s.jpg,2.5921027965154755
turnstile_01b.jpg,2.942830110869844
turntable_01b.jpg,2.940072606913511
turtle_01b.jpg,2.7761690561260144
turtleneck_01b.jpg,3.0893782815658777
tuxedo_01b.jpg,2.7819633909648287
tweezers_01b.jpg,3.2254770183031427
twig_01b.jpg,3.2314256893036872
typewriter_01b.jpg,3.137494035456679
ukulele_01b.jpg,3.2523146613500225
umbrella_01b.jpg,3.526345644080526
undershirt_01s.jpg,2.812690985594201
underwear_01b.jpg,3.273338886249528
unicycle_01b.jpg,3.189151720646457
uniform_01b.jpg,2.9767728706836785
urinal_01b.jpg,3.0787739428932426
urn_01b.jpg,3.237266369722548
vacuum_01s.jpg,3.2752670488803006
valve_01b.jpg,3.0861234608468924
van_01b.jpg,3.0525337801155965
vase_01b.jpg,3.2357973233901087
vegetable_01b.jpg,2.7307196802056857
veil_01s.jpg,3.2197158095907237
velcro_01b.jpg,3.331289736879387
vending_machine_01b.jpg,2.9869543433237893
vent_01b.jpg,3.1320366926981333
vest_01b.jpg,3.052953528444346
vial_01s.jpg,3.1748417296694527
videocassette_01b.jpg,3.268019831615354
videogame_01b.jpg,3.0591900675689305
viewfinder_01s.jpg,3.200654834739254
violin_01b.jpg,3.299161933524776
vise_01b.jpg,2.9398235172420035
visor_01b.jpg,3.390103081667595
volleyball_01b.jpg,3.279157061076642
vulture_01b.jpg,2.686692440696302
wafer_01b.jpg,3.114892821419842
waffle_01b.jpg,2.911194777600969
waffle_iron_01b.jpg,3.1521652064000323
wagon_01b.jpg,3.0830801836878345
walker1_01b.jpg,3.1793003490715166
walker2_01b.jpg,3.224268908033622
wall_01b.jpg,3.1669701612996843
wallet_01b.jpg,3.192763647927534
wallpaper_01b.jpg,3.1934784966849956
walnut_01b.jpg,2.591022565648064
walrus_01b.jpg,2.668440546694146
wand_01s.jpg,3.230873738624828
warthog_01b.jpg,2.1156460006542885
washboard_01b.jpg,3.309967021557247
washcloth_01b.jpg,3.1825623111999573
washing_machine_01b.jpg,2.988769734830819
wasp_01b.jpg,2.8752061293536695
watch_01b.jpg,3.3554139429267567
water_bottle_01b.jpg,3.246708573890218
water_cooler_01b.jpg,3.1860398491470683
water_filter_01b.jpg,3.156759028164308
water_fountain_01b.jpg,3.2646045802386614
water_heater_01b.jpg,2.9913849937526953
watering_can_01b.jpg,3.292201296263247
watermelon_01b.jpg,2.8077286195680036
waterwheel_01b.jpg,3.209768819434077
wax_01b.jpg,3.3007335095963057
wax_paper_01s.jpg,3.2736507730864726
weasel_01b.jpg,2.2191432553928085
weather_vane_01s.jpg,3.025927993047346
webcam_01b.jpg,2.8992162974028775
wedding_cake_01b.jpg,3.183378858098334
wedge_01b.jpg,3.1232878633351
weed_01b.jpg,3.0032762290790074
wetsuit_01b.jpg,3.02674858881632
whale_01b.jpg,2.5597446197815685
wheat_01b.jpg,2.8974166856699135
wheel_01b.jpg,3.191210232304021
wheelbarrow_01b.jpg,3.144105085808041
wheelchair_01b.jpg,3.166588975893347
whip_01b.jpg,3.362128461122335
whipped_cream_01b.jpg,3.0876123902710244
whisk_01b.jpg,2.9308454186007067
whistle_01b.jpg,3.358838271191867
whiteboard_01b.jpg,3.1978827860108328
whoopee_cushion_01b.jpg,3.3687239757975833
wick_01b.jpg,3.4664623774432197
wig_01s.jpg,3.277975444533301
wind_chimes_01s.jpg,3.400870788285998
window_01b.jpg,3.1764088968101105
windowsill_01b.jpg,3.163283165190955
windshield_01b.jpg,3.180678142281767
windshield_wiper_01b.jpg,3.162060305883678
windsock_01b.jpg,3.4363090658873277
wine_01b.jpg,3.1729711694575844
wine_bottle_01b.jpg,3.292709621906483
wine_cooler_01b.jpg,3.1040709469630983
wineglass_01b.jpg,3.194470022030558
wing_01b.jpg,3.0160193212871644
wire_01s.jpg,3.2910425722005177
wire_cutters_01b.jpg,2.915756194104646
wok_01b.jpg,3.134580492595843
wolf_01b.jpg,2.3993622252075038
woman_01b.jpg,2.967005444032232
wood_01b.jpg,3.158655747868722
wooden_leg_01b.jpg,3.116981649563179
workbench_01b.jpg,2.916702007058043
worm_01b.jpg,2.84212599158603
wrap_01b.jpg,2.6469726366547444
wrapping_paper_01b.jpg,3.429291621128784
wreath_01b.jpg,3.3797226576247232
wreck_01b.jpg,3.19134345623781
wrench_01b.jpg,2.794666506261441
wrist_01b.jpg,3.221126099788675
xylophone_01b.jpg,3.1877772789413212
yacht_01b.jpg,3.1229264867767466
yak_01b.jpg,2.8623408188265653
yarn_01b.jpg,3.4032511785168635
yo-yo_01s.jpg,3.40361297009732
yogurt_01s.jpg,2.863925999940482
yoke_01s.jpg,3.186842482943699
yolk_01b.jpg,2.834843300429071
zebra_01b.jpg,2.651329061197143
zipper_01b.jpg,2.9851024034850187
zucchini_01b.jpg,2.563140163422358
