image,0,1,2,3,4,5,6,7,8,9,10,11,12,13,14,15,16,17,18,19,20,21,22,23,24,25,26,27,28,29,30,31,32,33,34,35,36,37,38,39,40,41,42,43,44,45,46,47,48
Eric Montoya.jpg,11.347767,0.0802936,18.773151,6.196773,11.227515,43.21078,27.11682,3.1101184,7.5003595,3.8799558,19.453331,5.7069263,4.3981423,8.017976,5.8018675,7.5983753,0.73985636,10.415804,1.2578441,11.591469,22.427187,5.3242707,6.8924794,12.219074,5.9354963,-0.5638626,3.2464118,4.68465,10.54767,1.9169363,11.981933,5.3111916,5.4009647,6.8480515,4.343361,0.45071933,-2.9416587,1.9062291,-1.7276609,0.48334655,-0.0076688826,7.3474193,2.8107312,7.379589,-0.6201928,5.0987673,6.132718,5.4120154,0.92843735
Eric Montoya_c.png,1.8199112,6.9816737,69.47188,8.180204,0.66665083,3.2083209,13.128209,13.665944,4.234301,13.993231,3.1980839,7.774076,6.6027246,6.661892,-6.0666294,1.7283906,1.51926,5.6161265,0.3338268,-2.6954298,12.039818,3.7712426,-3.3250122,1.4920037,2.065881,-2.2460325,9.505166,4.334684,10.579792,1.1172723,-1.8811997,-0.57747674,3.8342454,-2.125472,7.4272895,1.1828731,3.7889333,4.255306,1.6403652,-1.8696563,2.9495838,4.951839,2.942808,0.933865,6.233246,-0.3400306,1.100159,1.9333528,-0.27986133
apple.png,7.0495186,53.414993,3.7038379,-3.4623373,1.9153554,22.336824,1.6674027,-2.39251,7.8387446,16.982819,5.514665,3.0130541,7.6658306,0.61711305,11.805359,1.7760482,-1.2633287,14.665121,9.954357,0.92061687,6.173262,0.30146968,7.782523,3.0523944,1.1419412,2.2382114,2.5007508,-0.7751268,3.8901854,14.486495,4.1277514,-0.098635815,-0.23373005,5.6238356,5.832459,3.3395834,1.1657811,3.68376,-4.299634,-1.2375015,12.025377,3.64047,1.3921281,4.7622137,2.0330346,3.3573017,-0.8927074,0.1544529,3.0111685
apple_c.png,1.3862677,13.712713,15.572516,15.454687,5.186781,4.0690584,-3.6019907,5.155314,-3.7012696,41.20109,15.496172,13.188532,0.5003573,7.248874,0.71079105,-0.19674003,-1.3295984,9.586211,4.0296903,3.3029814,6.239513,-4.3943977,13.9807205,18.146946,7.0494018,8.269795,0.9541038,1.9427199,5.4119477,-1.5360782,3.4178495,1.7397981,-3.4097958,1.095537,2.2524934,1.4688753,12.114577,2.3121195,-8.285758,1.137095,18.163752,0.66763663,1.0797985,5.1316104,3.3226788,0.52258503,4.0953193,0.50434244,3.9364815
cat.png,2.556038,-0.68339074,73.63979,-2.1869545,0.8560376,7.624731,6.3846083,3.753695,3.8279436,12.120856,6.1232834,13.458183,0.9584943,2.0701234,-1.7382658,0.19494556,1.2573043,0.31698352,1.2134686,-0.3790576,2.7912946,1.2027466,-3.7562497,1.6064647,-3.9347079,5.4570236,7.470445,-1.257881,13.668652,1.8011533,4.4209723,1.5533139,0.84852594,-1.9401435,7.8360634,0.8974864,0.26195163,0.9170726,-4.2076235,-1.296862,7.050202,3.5438783,-0.90981936,-0.8015219,-0.54991543,-0.05087424,1.1445787,0.43789345,-4.6092024
cat_c.png,0.4839142,5.842118,65.313576,6.425599,-1.8344812,2.6997094,13.037668,2.87148,2.907998,8.516115,6.116175,14.277909,-0.6004088,2.456336,1.9533114,0.27881065,0.85823333,4.3002734,1.4192157,2.0190878,6.459113,5.908574,-0.06373543,1.7113686,-4.810697,2.796649,7.430123,1.1082809,12.260269,0.26239622,6.689456,2.145403,4.8061404,2.1851757,7.492456,2.4749353,2.0703797,4.8196616,-4.271096,3.5656168,4.1492476,2.5880485,0.8639773,3.2175171,5.6395693,0.80547833,4.3906054,2.9607308,0.02762694
climb.png,-0.474428,2.981476,25.933807,-1.1326137,-1.2582114,17.763176,10.704782,2.582331,3.9963648,27.211914,9.830538,21.528551,-0.032176543,8.330573,8.32757,2.6038249,-2.5409853,10.46367,-0.6128259,4.43691,9.0011635,6.5992327,-2.8769011,10.522324,-0.14648177,3.3485148,0.32474583,9.734887,6.2386446,8.962708,0.62936175,3.2664742,-3.2020767,-1.2478352,3.177064,-5.0078073,4.690243,-0.43726945,-3.9191108,-0.103054196,21.297663,-2.5803885,-1.2061003,0.80403155,1.4269361,-0.11079502,2.656823,3.0702596,3.9505906
climb_c.png,10.296094,-2.4313452,26.694511,12.675956,-4.520723,1.18479,13.201852,7.384629,3.055942,37.15994,10.344141,34.901924,6.8343706,-0.17399937,3.2511077,7.761468,6.480756,5.778273,1.3767684,1.3372142,15.269888,10.650002,-2.5386662,3.6919832,-0.6499877,4.4611125,4.8325577,7.189147,14.582467,2.926794,4.966768,-0.046660192,1.3588133,-3.8440816,4.8335834,-1.0822605,4.920446,7.7532215,-2.5441208,0.3379399,16.737097,0.56611705,0.86728466,1.546138,1.5751551,-2.2604,4.8448358,1.6539954,1.7463882
dwarfs.png,6.340505,5.669157,32.282543,14.762507,-0.2643236,17.710949,29.124638,6.4012246,16.538975,24.911009,16.11274,21.112648,-0.42367008,9.022744,1.8304437,9.746895,0.26548895,7.859046,4.1182337,2.9795203,3.2347865,-2.0787914,5.1537848,-1.4194443,0.24595335,5.016116,5.566896,0.95697397,13.5221,3.791078,2.247754,-3.1231945,2.5125408,-0.6532555,6.2721753,-0.118685424,1.5746418,4.1488314,-1.0041363,2.4205134,8.5203495,1.8986905,1.9005094,1.4843532,7.2556243,-0.6598271,0.9941578,3.2623808,-1.8797077
dwarfs_c.png,11.05203,4.6667123,18.462246,16.939936,1.0224142,9.713489,20.755547,10.172968,6.5581055,22.071625,9.309093,24.745075,-1.4109669,0.108221546,3.869868,7.15964,2.0191913,6.1813455,2.4788582,3.6315665,8.5375595,4.624321,4.910024,7.4446144,-4.533109,6.5765305,9.165425,1.8684165,10.914801,0.45168298,4.151262,-2.6863995,7.3028164,-2.487789,8.394791,1.8610336,0.47733113,7.7881823,-1.9477711,5.724494,1.4785585,0.9657747,1.8727415,0.7497782,5.1242466,-1.1386814,2.8108444,1.825073,-0.25460365
einstein.png,6.112243,7.894592,35.643654,8.494059,-5.4073105,10.033813,12.610309,14.940117,11.7604475,14.236697,10.89868,30.713451,2.4864357,7.2632847,7.1188235,7.218015,3.0838668,6.919579,0.32548863,-0.66653436,4.149754,0.8900065,-0.52450216,0.46780458,-1.9610552,3.2864907,7.8251657,8.848855,12.477594,8.7754965,4.175733,0.7819709,-2.2414382,-1.6340673,6.9910026,-3.003677,1.7404112,0.9978913,0.43561357,5.991571,22.05836,-1.3031561,7.591277,5.4506946,7.229071,1.2719678,3.0054867,3.4408422,4.132378
einstein_c.png,23.177858,-0.15619713,23.30247,21.438595,-9.390555,0.45501357,9.812039,7.6776295,0.2962759,33.99691,7.0361905,30.048721,10.263116,-3.7910812,6.441179,8.019346,5.5485525,5.342249,1.5476619,1.1594604,9.91462,6.512646,0.5313747,4.647754,-2.4717045,7.1048527,8.154796,6.240575,16.872807,5.6809716,8.627961,2.0009363,5.6942444,-1.9481798,9.414957,0.15991591,4.7424865,8.859083,2.6401901,5.395665,14.2373,2.9828203,1.8922716,2.4053953,0.049492344,0.3985026,6.313177,0.060942583,2.0306146
elephant.png,11.8201065,10.819315,54.746986,7.0580945,2.00324,6.968625,4.4912486,-0.9579558,8.575888,5.3293123,2.8738148,9.255843,5.136734,-0.6485583,4.916369,10.296073,-3.1818557,14.022319,5.548748,3.8560913,5.2758965,3.7182138,-0.49382308,3.3176951,0.9144551,7.7352195,7.8549886,3.679277,18.963923,3.8970273,4.1528997,6.439416,-0.33142865,8.341124,2.535653,0.13553081,3.3221364,0.55101913,-5.4892807,2.3518224,10.212182,2.4758105,3.7383654,7.7162423,-1.8142469,1.3892088,4.720933,2.6598303,3.5883813
elephant_c.png,24.440046,4.862895,11.90871,12.052294,-0.402343,-2.7300649,2.0959597,2.7590215,6.9020605,30.241034,6.431789,12.315502,14.205022,7.062957,6.8584285,10.534031,0.52327526,1.1421376,7.869523,5.9589934,7.7423325,4.462103,1.9254793,3.4462214,1.0176053,0.3435889,-0.9629243,11.753035,0.32593495,1.4911658,1.3899506,5.527063,3.6433365,1.1002419,0.1303913,1.6426338,6.6443534,2.1408358,3.0517871,1.7223551,12.427323,-0.35584298,2.337382,2.2009215,2.6039774,0.97317064,3.7920501,1.335653,0.8337602
face.jpg,8.193818,1.5666857,26.339855,-0.08406732,6.589383,3.91127,4.580109,13.839589,7.3906293,24.954493,2.9067519,6.362164,2.8446283,3.7863233,1.5843464,6.87158,7.2892904,15.111496,7.955256,8.174824,3.9423294,11.632247,0.861598,1.1512607,1.7510136,12.741592,5.7801366,8.456757,4.6192846,10.574033,8.184319,11.599955,5.657597,8.372898,5.1344895,4.578621,3.5385556,-0.42490008,-4.875007,3.6052904,24.927387,6.9259114,8.482801,9.127363,5.7886066,3.984958,5.551858,3.3363705,5.5267973
face_c.png,8.352836,2.5703237,68.76458,6.796327,8.1325035,2.1726325,-0.60840046,-3.5902886,2.8246279,13.803944,2.1311374,2.9566905,4.307368,2.4212456,4.2364206,3.974382,-5.9080515,8.066513,0.803156,-0.70749485,-0.32667634,-1.4477608,0.7644901,-0.6266852,-0.92602485,2.1999643,-1.4651142,3.962936,5.3998413,0.8444285,-3.1770473,1.256342,6.556774,0.04634834,2.882837,-0.345474,2.2685483,-6.1473618,0.5122105,0.09624763,2.802547,2.3725986,1.815922,4.3065786,7.3864236,-3.2293246,3.1783228,1.5079492,1.382841
fantasy.png,4.559954,14.801617,15.10801,4.4407654,-2.0642083,4.9312496,12.500127,9.61576,3.4360964,22.817179,17.466719,23.224834,8.786139,-0.59734726,1.219264,6.054525,14.18351,11.67929,4.940381,-5.757335,13.854678,9.487767,-1.2860775,4.099746,2.0797987,-3.257851,3.0707135,9.090568,11.354772,11.600283,8.42096,-0.8797343,-2.8466218,-4.174843,10.913845,3.4403074,5.750913,3.0059416,5.45262,1.2912952,15.403104,6.8581514,1.2315104,2.1294892,4.818489,4.979097,3.4237094,0.88137966,3.5020065
fantasy_c.png,-1.2283182,10.270209,22.350636,5.216816,6.385079,40.80051,28.825218,8.262124,10.375549,1.3042496,22.22757,22.58315,2.8712618,1.6233672,3.0785093,8.572078,1.9900354,7.6206365,6.148002,7.4275546,3.3429384,4.7146072,0.19635203,7.475898,1.1159477,2.5465267,-1.3564783,5.219707,16.988365,4.247135,11.88395,0.31459174,4.6793785,2.6741023,0.28764027,4.54493,-2.4899905,6.4602757,-0.8962326,0.21998343,-0.57600385,6.862953,2.2437832,3.6621802,3.912315,3.0933962,-1.0375991,3.1692717,0.414134
flower.jpg,0.90990067,6.8072906,13.889229,3.2892332,1.9597795,38.656116,14.416106,4.6060038,5.1809416,28.194788,12.42008,9.18936,-4.985936,2.8611612,-0.39508286,-0.11678682,-0.5179579,2.6107707,5.387809,6.7253194,10.871306,3.8680658,6.265365,31.188896,4.0358486,7.09046,0.55612624,2.3226666,10.846637,4.3215446,6.6954284,4.045732,3.155446,3.2528718,8.576976,0.10722969,9.7150955,7.1186185,-7.8361945,-1.569104,23.198254,2.0121489,1.512191,3.0571585,1.3642821,0.2445778,3.6021795,6.047009,3.505287
flower_c.png,4.9336767,10.9772,18.590185,7.382682,8.81124,57.845776,16.142473,-5.8503585,5.2995334,3.0165148,17.914845,4.463705,-2.065377,3.114883,7.506767,3.459271,9.935435,4.9059725,8.697553,6.5559683,4.159407,4.233286,6.7302322,35.880898,7.475038,3.2741337,0.19722748,0.92616296,10.099968,8.845386,10.407765,3.6337953,4.5525203,2.2840555,6.9231973,-2.1047418,2.3019366,8.500216,-0.93580985,0.5653919,1.2878007,3.0017023,2.292955,4.469483,0.02613794,2.1204927,1.788491,9.832441,4.2022004
goose.png,6.7493386,14.75736,45.055347,-0.9379905,5.790198,1.8594401,2.2039793,2.1599088,-2.290151,12.524923,6.8209834,1.3301647,5.553019,1.0518484,5.218912,4.9495006,-0.32523143,13.426441,4.736675,-4.48708,14.462404,1.9129224,-0.4973947,4.699112,3.9941766,5.955446,2.4574804,2.6865852,16.409824,10.370339,-0.11033602,2.2838614,6.90919,4.196458,-0.08532815,6.2497153,6.0704,-0.64475363,2.227319,0.88289493,7.01601,3.5469644,1.5542573,2.2984035,12.76793,2.1075466,-0.039781816,3.8905427,4.317146
goose_c.png,-3.9810438,9.223846,70.63663,11.144946,3.6734824,0.6530704,-2.8824325,-6.7990723,0.094068885,13.861416,7.6742396,7.363625,-4.5883827,2.1578124,0.34161577,-2.8836892,-0.9172313,9.488557,5.5517955,0.31056014,1.4426026,3.2409697,2.7097054,6.038193,2.0617752,1.3453102,1.6742626,-1.1590561,6.6052675,1.5604937,2.8885882,4.2107763,13.126861,2.3935022,5.5621834,2.184934,0.40607566,-0.65287733,-2.5015485,-3.199498,0.65865844,0.7863027,-1.5787963,1.3264372,7.8054175,-2.152955,-2.6469543,1.7869875,0.065134004
half.png,15.843553,4.930388,27.811438,3.6949568,4.725052,5.812826,1.3166898,5.9648204,9.345876,35.379517,5.113563,-1.4600773,-0.4292162,4.5555124,1.9008408,4.6023817,7.366644,7.945494,7.035157,6.6239223,4.5557,4.1575317,-0.9247724,-3.283136,6.35789,18.452732,5.477408,3.3909657,3.7367518,4.351371,8.684482,10.097238,3.5482705,3.6768541,-1.7798398,0.19127122,5.8017006,4.5546784,-0.93278474,5.6392336,34.266315,-2.6249151,-0.9408727,11.725435,3.4225926,2.4166248,2.4678378,3.5936766,8.074896
half_c.png,6.2738285,3.8332858,30.765205,9.314527,5.2056494,1.1705855,-3.1790278,0.28361306,0.49461183,50.633778,7.413451,9.202705,1.1742493,-2.0895293,1.935786,1.9394917,-3.6432824,6.9181337,7.2515144,5.0245047,0.33780113,0.032310747,-1.1472119,15.002188,7.8297505,20.084179,-0.12938417,-2.639769,2.018518,1.52139,2.202942,3.2948534,4.9875474,3.9209113,2.1360238,-0.56130856,10.004907,7.143696,-6.563902,2.0179133,24.148432,-0.95371884,1.1671258,4.85071,1.8427011,1.2684705,4.6068215,1.0984125,1.3106753
halfskeleton.png,3.3259823,14.816242,14.272086,7.505919,5.2294164,-1.881047,1.8532257,0.90280306,3.4131064,39.178196,7.777137,15.32979,-1.2909396,1.3100691,6.6873407,-1.3398101,0.63755715,7.0762076,7.914425,5.182461,12.399632,5.7951846,1.8406533,11.554345,6.449133,5.180711,14.314906,8.573558,-0.8163221,2.7821844,5.6668377,3.6460142,4.3645916,3.8879275,8.030194,0.854134,11.215692,1.4128355,-7.6125503,2.174946,27.465528,1.368267,4.050051,7.168901,3.5501678,14.356303,3.0538616,0.8185325,2.7944949
halfskeleton_c.png,-0.69360363,10.558187,17.538889,14.543215,0.05165357,-2.446198,4.387962,3.4388642,1.1929182,37.97832,10.935486,13.199825,3.1151597,4.671603,6.8955674,3.5016994,3.7672002,3.5424244,3.4539628,6.616994,11.220646,1.7381665,0.7408996,11.836433,8.2994175,7.6807847,4.5066977,5.5546236,6.4646816,1.9917856,4.440408,-1.362024,9.766963,-2.2277045,10.987508,2.107074,7.35043,4.6127687,-4.817652,7.746043,10.257043,-0.085758135,4.4049263,-0.72763276,0.6367937,4.3469205,6.0924687,3.737159,2.5247295
horses.png,-0.010985136,8.982952,54.718853,3.4867783,0.20637456,1.691334,10.081317,4.9767566,13.773486,21.666876,6.3708825,22.419155,-3.1979334,9.067169,5.999611,-4.4067183,-0.6500099,5.227667,2.3847053,-2.7561262,1.4117901,1.2414774,-0.77318424,6.9340982,-0.666945,1.898062,4.1108856,2.983374,5.726121,9.560044,4.4159217,1.2592113,-0.5838697,0.54617727,1.5120192,3.279223,8.818164,5.036289,-4.563574,0.885026,21.480595,-0.011842512,5.728859,4.9972157,6.1671195,0.44356835,0.20686053,3.9679608,2.12654
horses_c.png,5.2892804,11.679869,26.097382,17.507324,2.4003754,4.846997,3.9426365,6.845095,5.7215176,46.353416,10.330402,17.059288,9.203319,-8.407158,7.186923,2.7264748,-1.4744382,-2.9261866,7.2112346,1.1179345,0.6632894,1.1687154,4.4259353,20.170382,6.9332848,14.246016,-2.5681221,-3.3806577,2.8136678,1.6404659,5.6232142,4.4407363,3.526204,-0.28464943,4.3060484,-5.3279147,4.9306602,8.640328,-0.9063136,6.700577,18.673302,-1.5197034,4.0748825,1.3305867,-1.2178061,-0.75453836,4.062508,1.9882646,0.5107825
love.png,8.700856,4.5522423,19.834175,26.472965,0.8419251,5.8153286,10.748521,11.978652,3.8682911,46.062386,6.226872,13.047312,4.3514156,8.559739,2.4697244,3.7136507,7.4598236,5.009957,1.8507835,1.3078204,5.3178334,3.2915413,-1.8250178,10.700831,-0.9184867,0.76677984,12.053868,13.251905,4.4038916,0.21155067,-1.9946558,-2.6641681,0.9259429,-3.580983,-0.18750876,4.2256403,8.356391,0.84029084,-2.8769696,-0.08261092,1.9340634,0.99291354,0.8054892,-1.9422168,-0.57455313,0.46931022,2.789908,1.8208038,3.0506308
love_c.jpg,11.712882,12.961599,10.256004,12.583672,9.98955,3.9708338,6.101922,2.9754717,5.4825487,38.51082,20.926134,11.178901,4.920347,10.736974,2.274904,4.3022437,16.49251,16.589104,4.666516,12.420311,3.0466187,-4.422097,0.53633255,1.2426603,2.056568,11.786365,3.1108913,4.0425353,5.870557,0.63390535,-3.5681412,-0.66908437,2.0038204,-3.1558528,-4.8010163,2.730122,9.296233,-0.13452786,-0.22536683,8.635836,5.2096353,0.6565947,-1.3918402,-3.9606924,1.337852,1.7688963,-4.1456037,-2.989978,1.7200727
magician.png,-8.800806,9.294937,22.634134,10.210764,0.080851465,9.047489,13.916866,11.45063,7.8492813,29.215845,14.525943,19.73911,5.481565,-6.2184205,5.071033,4.2639756,-5.7948685,4.788052,2.977788,4.7199984,6.969613,5.27959,8.212456,10.414928,3.462396,3.3897176,4.506734,8.22018,6.5236783,0.39420837,9.120338,2.991606,3.85085,3.035065,2.0911698,1.6231524,-3.0733607,2.1439173,2.4795294,16.329721,11.532748,-0.2645217,1.1827692,0.80593663,4.478567,4.78305,2.0697665,8.457103,2.6320386
magician_c.png,8.534924,-0.95893306,25.928978,13.591587,-3.7239559,2.4364536,15.255909,6.8681626,8.195717,29.834007,13.360335,23.017347,4.721194,2.4124386,11.794097,9.098658,5.2976723,14.122402,4.6309185,6.0695095,8.283293,8.428405,4.4503703,4.792347,-0.8157935,10.239559,2.68519,10.166819,9.820971,6.7647295,7.1374393,3.769083,3.840451,1.4910947,1.0437335,8.452485,0.022334978,5.8504763,-1.2298259,9.9135895,7.789824,3.0411174,4.1665998,1.5582532,3.6579072,6.3388257,4.1338196,8.179557,4.089298
monkey.png,4.946582,3.953896,50.328987,-2.2545557,3.9039936,21.12345,12.894771,-1.9670386,11.29951,12.053524,5.222317,8.456604,3.336437,8.246823,2.413836,4.1174164,-5.0946994,6.0135646,2.7532332,5.6435204,5.3881655,-2.1796572,0.9370837,0.6850084,-4.402266,3.855887,4.106737,0.12444318,10.018857,1.1215254,6.154499,2.6460748,0.36831683,4.1238427,6.1668625,1.599725,8.296121,-1.1644824,-3.0788865,0.3997614,1.1409861,3.9427805,3.7049816,0.3211323,2.9749517,-3.5655208,2.7683551,1.570642,-4.9258957
monkey_c.png,6.844011,3.743505,29.59072,-5.3315735,9.592817,43.91624,31.559504,6.769072,23.98825,6.0869837,0.5464063,14.854354,3.185188,5.803839,6.7690887,5.8265243,-2.3005865,6.853173,5.5071197,6.6055717,10.084325,6.164698,0.2649941,1.9464688,-0.59344125,10.279186,4.573764,1.9398372,16.90878,0.3052038,9.025221,5.0060062,2.18283,4.407434,-0.6826949,3.3770833,5.8348713,4.574468,-2.7782154,5.7204766,2.2936866,8.862171,6.845987,4.8370676,3.16209,-1.1327413,2.420375,4.656397,-0.16808864
mountain.png,4.7450233,6.6467056,12.164502,7.312001,6.8972034,6.44782,27.37092,14.117311,10.326357,17.38883,13.069039,19.869732,4.3989697,3.50089,6.346603,3.728468,0.8113198,2.527773,4.0737414,3.0627043,10.282695,6.235936,3.838975,2.0226934,4.4169006,1.490622,4.050794,2.5289593,11.483957,-1.4103107,12.2696085,8.347885,15.763261,6.106986,2.5899503,-2.3526587,0.9562345,9.031805,-3.1781678,3.2749612,18.566319,1.2004561,-0.91145074,0.34337592,3.9517891,-0.15933989,1.7255704,2.3400712,-0.7917038
mountain_c.png,3.2822378,10.698073,15.375662,15.219996,18.741285,7.2029443,28.878433,10.1859865,9.386344,6.366349,15.912093,12.636143,3.4501367,10.507018,6.9608955,0.47073752,-1.2043887,1.8955324,5.2163672,3.8222902,8.185041,3.5559099,6.268753,5.283278,9.009476,-0.038517732,-3.4873772,-0.4746479,10.1293955,0.502017,14.052597,3.9292235,21.979471,5.5081778,-1.0030197,0.3150272,-3.2282445,6.542733,-0.616524,9.683915,3.79808,4.2553096,-0.46941116,-0.69132346,7.9872594,0.76923275,2.8175309,6.053348,1.9437107
night.png,9.416957,11.137317,19.812805,8.110263,-1.3245494,14.945406,20.910234,11.772732,4.4471993,22.758984,11.397925,14.37964,6.651484,8.3924055,10.301722,7.3985057,-1.3422192,8.438857,5.5799375,7.631734,36.96656,4.427529,0.720245,9.896252,-0.16781776,7.686889,5.720984,3.923662,21.619133,5.4582076,6.7876353,5.4795904,1.9950222,3.6560085,9.199661,-0.3062832,2.1779883,11.762097,-4.591929,5.6279087,13.706795,4.8302264,3.7365859,4.3261914,2.5138323,0.08367382,7.2560678,5.791489,-1.8619957
night_c.png,14.037314,8.138259,14.632195,10.024537,5.655275,15.087591,23.337225,13.20759,3.749005,16.187147,15.794841,18.6452,4.2789216,7.353454,8.300101,9.236538,-1.7369912,5.4875827,10.317474,8.120161,40.574924,-0.62527007,1.035068,7.9230995,3.1070194,5.146318,7.4468656,5.742913,19.34827,6.379527,3.452754,-1.672303,3.7354987,0.9824147,6.7209187,-0.43947822,-4.598632,9.7573395,-1.6563975,5.5102253,1.2603667,7.570966,1.0604409,3.1812232,1.0678179,0.93122286,5.7152386,7.160885,-1.2035607
oldman.png,-11.550517,-0.2727176,35.63728,17.168587,7.6073365,15.114422,18.76654,9.502981,10.452691,34.336082,5.982841,20.415655,3.5878713,1.8117919,4.342596,-0.7920247,-6.5004168,-0.7794075,1.5006403,0.38094622,4.827676,0.87009686,0.52680767,11.210115,5.8535724,2.624921,4.1268363,6.9330335,11.461308,3.0977998,5.322709,-1.3370887,7.646705,0.4783295,4.177364,-1.6805705,5.1871963,2.8392057,1.1665275,3.5674512,11.311238,2.2433455,11.979652,2.9662464,3.5035849,7.1603403,2.2317293,3.5523944,-0.5261519
oldman_c.png,-11.256012,11.689103,32.504253,11.169938,-1.2860202,18.543196,4.248159,5.4572315,3.797857,47.0678,6.629487,4.9068503,-0.22365753,0.2250106,-1.9337174,3.7022445,4.938287,1.5364302,9.237124,-1.6242626,6.40956,5.2993193,-1.7478887,18.959188,17.98815,8.522661,2.4219627,5.119167,2.6200705,0.85409266,0.9380521,1.137468,0.7316344,-0.44919062,7.6914706,-1.5974829,11.066981,7.7316904,4.0021687,3.418158,21.570084,-2.2977393,-2.0280926,1.9083477,3.6279745,6.5917215,0.9954661,4.6374326,5.4957123
oldpeople.jpg,5.0824494,9.082877,15.122271,7.3281026,6.115387,6.9274435,5.105666,8.319436,10.385962,29.074732,13.894675,27.413643,8.358362,8.131105,7.6279707,0.28075767,0.39627188,9.145895,18.575304,2.858217,9.200695,-2.696402,4.174661,5.832294,3.2681704,3.8879995,0.80181605,14.66594,3.4559093,-0.18722299,7.5706944,-0.6939126,0.00040044542,-1.0039763,4.4261193,1.2565901,7.294337,2.3776453,-3.7914953,1.8225749,14.790855,1.0932028,5.115429,2.215825,4.132914,3.2491908,5.2876873,2.3107421,1.9741284
oldpeople_c.png,5.2503934,8.952032,16.764719,13.54589,2.4737988,-3.0103364,5.511443,2.1250618,1.6531453,37.143665,11.129465,26.681814,5.054272,1.8374376,5.7432294,4.399146,2.359058,9.044423,7.092546,2.3719563,10.547816,3.308146,-0.9474064,10.615191,0.3699638,7.923084,3.9713888,2.5146165,9.305295,3.2473981,3.616757,-0.47187954,5.311689,-2.929929,7.0837097,2.7445297,3.6553032,6.5768414,-4.6738653,5.43157,13.67822,1.3411893,-1.5122373,0.4251588,0.71639454,4.729006,2.1605206,2.6908536,1.8739117
painting.jpg,8.299451,-5.6993394,29.165247,3.8797941,5.413517,22.451996,21.364235,8.665121,15.085581,26.268017,14.749246,19.859882,8.523588,0.89777064,5.169882,4.543776,-4.681424,14.231009,4.7606077,-0.17438522,3.1533084,7.542984,2.7327263,8.0603075,-2.5794454,4.7260017,1.1659194,4.912378,5.967283,7.0059366,9.149541,3.8362868,3.1887095,3.0903559,0.9282526,-4.0178037,1.6563349,6.8846016,-0.96422297,0.2987789,19.666729,4.467568,4.914395,1.064247,1.8018626,1.5755663,3.3999867,7.265103,-2.1106586
painting_c.png,11.372414,5.8345814,41.020073,9.051972,5.9068084,-8.888,5.2056713,5.7020674,6.609391,37.2501,7.5051284,20.629654,8.167412,3.969468,6.7331395,0.3246781,0.46564218,5.623774,6.841383,-7.5062184,4.548429,6.4895725,0.053971913,4.8403764,9.282152,-3.634549,8.556593,4.931098,2.8888216,2.3728206,5.774797,1.6173527,0.85770917,0.5264419,6.9702106,-3.7888618,8.223328,3.636233,0.24461462,2.487019,26.203627,-2.366391,2.7887866,4.9884276,20.557667,2.8481581,3.364939,3.2836885,-0.5802294
people.jpg,9.96881,7.8530035,14.831136,9.444584,9.837641,5.9492054,8.937529,3.0466352,9.893094,23.6548,5.5324435,19.69764,9.943647,4.702923,4.028306,3.6370382,5.4704986,19.812717,4.4712567,6.959036,1.5218902,2.7994578,4.564398,-4.0624404,-0.6774427,9.787885,8.1605835,9.080538,4.0267525,8.618456,2.7623878,2.9030163,7.7564716,7.2987,2.941604,-0.26377067,2.572275,6.1862416,0.4941668,3.8896248,12.917744,6.8865447,5.974252,2.1187303,2.2016685,4.024471,3.0622742,-0.10225479,8.713342
people_c.png,13.530178,9.12017,19.111258,16.28212,4.8190227,-6.2759547,-4.9934525,4.7226706,3.0380344,58.048584,5.982205,8.865586,17.978413,1.1865609,2.544437,1.8632995,5.1513615,14.36109,1.9705846,-2.1477532,1.0390034,0.39261794,-1.0027727,0.24538106,2.2236474,13.381778,0.52924603,3.8479462,4.25673,6.018998,-1.8818256,-2.5143037,0.77438456,-3.9634209,1.4382135,0.27043504,5.4944158,4.077022,2.8524506,0.3602339,27.964956,-1.7575337,-4.5868626,-0.5786378,0.33620122,0.31283498,-0.5353136,-0.6094842,0.93000346
scene.png,24.613264,17.985123,14.79924,-1.2990409,7.7322617,7.2932496,26.229317,14.67821,10.070688,16.247759,-3.6145442,8.994544,0.67756563,6.2300124,8.47337,8.315854,-9.640982,6.1051145,9.482044,14.456648,23.439665,-2.8262875,-1.670791,-4.5066056,-1.2189326,5.9829655,0.028893072,6.833103,14.329268,3.3728366,4.6725073,6.8883767,3.7125986,5.3147173,2.8275614,0.041984394,2.7229714,1.5439532,0.61441046,8.076036,1.2435459,11.955069,1.3303672,1.9874605,4.5099506,-4.6510115,5.7441463,0.7676684,3.1405044
scene_c.png,27.11345,-1.0700151,16.723837,4.9869404,4.6502957,-7.4097366,9.733662,4.240967,-6.581342,19.927837,6.92795,16.240591,12.21821,5.812873,19.630556,4.864421,0.92680043,13.97526,4.9265537,2.7702644,4.1780896,10.908234,1.7080303,3.10813,4.0816073,10.934732,7.695107,7.430771,3.011297,13.572836,2.2290854,7.796742,7.6729603,4.8239803,11.511402,1.0475357,-0.17601661,9.579387,-0.7564744,6.371174,19.67661,-0.37544352,0.802354,5.8890233,-0.5977155,-2.7104416,4.7872763,-4.279776,0.6411184
skeleton.png,6.319022,7.1324167,6.180845,3.2089033,3.174495,2.6811903,6.514569,9.675654,8.349175,29.464554,2.6627493,19.017853,6.137894,5.1186166,6.2203603,4.959522,2.350133,10.31422,5.297439,7.9533873,9.877395,6.764432,1.452207,3.1685278,3.3556435,7.5187593,11.595843,5.6214743,2.9259741,4.799452,6.624435,5.8936753,6.0267186,5.2344227,9.097794,-4.492941,12.424413,3.4917016,-6.2043405,3.2438927,28.55755,2.247643,7.8386674,8.941456,5.718369,12.103491,6.7028165,-1.9879818,6.5910397
skeleton_c.png,20.283655,-2.1252985,17.74682,18.941912,1.9175937,-3.556,-5.1425414,4.0304503,1.8540244,41.138466,1.5412831,8.246383,13.587752,3.963279,7.111492,4.0866876,6.5601587,5.7160053,4.445258,-1.0788738,-2.5019567,8.362504,1.9959404,-3.1585224,5.769853,13.295366,8.610986,7.7799125,6.846995,7.666941,-0.86962765,-2.065074,4.9870806,-1.2999393,11.275862,3.471001,11.3108835,10.28085,0.5703738,4.576395,26.269283,-3.005317,0.9976967,4.680639,4.0182385,2.572002,4.34436,-0.30359477,4.4225707
street.jpg,0.13834777,12.453961,28.454065,11.812599,-7.4478426,-0.25069508,5.3624454,11.6359005,3.4932413,33.871918,9.491863,21.93604,-3.1210835,2.5593362,9.168771,2.8278105,8.43524,7.5332127,3.9174445,-4.4772263,8.883678,3.517076,0.5077498,0.9260879,1.3644369,0.23247021,1.7285483,4.602856,9.56714,9.746416,8.195565,4.772675,4.865959,2.6232817,6.5997014,0.76586294,9.746347,-2.3638475,-2.055882,0.98610604,28.874594,2.0177667,1.2162304,7.2991858,4.575973,3.207138,8.7967005,3.8275619,6.7803836
street_c.png,3.3921928,0.98743933,15.39473,8.916855,5.643772,-0.059701037,3.6783218,7.5951138,1.2585251,41.105938,14.873449,11.650628,10.549859,4.7089796,-1.0455343,2.1152074,-6.2681017,7.816965,5.976721,2.7643535,1.4514161,3.628858,3.3798456,10.1477585,1.3197436,7.3018017,0.9406727,10.144631,4.8894987,3.2486784,7.3195753,2.224291,1.9872357,0.85087365,-0.25385207,-3.2450144,2.7375195,0.78319323,-0.594787,3.6944985,23.874584,-2.613482,2.468028,0.027432129,6.4136877,2.0030596,-2.5984197,4.3022604,-0.13906583
sunset.png,6.8523684,7.7211356,24.778128,6.702438,0.6044469,16.694263,27.366114,9.613334,8.884817,19.296158,13.877714,21.1581,1.5235193,10.112623,7.218467,11.496898,0.37089252,5.4062157,3.9357498,10.741351,30.037329,-1.2112824,3.8886826,2.3147483,0.54937094,2.0808983,8.095008,2.2631648,11.717317,3.160655,7.287445,-2.6213253,-1.5199039,0.03341753,16.370262,5.95138,2.0319507,5.5136867,1.2339747,4.542699,2.0402334,6.035621,3.7406862,2.2295995,2.4939644,-0.30201897,3.3527267,6.3740253,-2.7185512
sunset_c.png,3.1130838,5.190197,14.322169,5.006856,5.042239,13.707481,18.746576,-0.007944368,5.2243757,22.623343,24.272667,16.197906,12.634246,20.577765,4.506616,5.7311764,-4.151376,14.693014,0.69286597,6.459321,7.8759594,-5.414968,7.318592,4.15625,0.58398545,4.4636555,8.936956,9.437872,20.463076,6.3565283,4.5899196,3.4792807,2.7235317,3.1708367,7.5980506,0.030250847,3.275874,11.234236,-0.18995199,9.363649,3.6572788,10.270467,3.9202492,4.207651,12.1900215,1.6448263,3.1574547,0.45901415,-1.6335379
table.png,-0.041551143,13.5629635,19.052433,12.95645,15.866952,-2.2216556,0.6524656,5.6574516,6.213315,36.578064,11.164664,22.958559,10.509151,2.600064,10.669186,-1.0295203,2.9314551,17.652992,9.752655,-4.960322,9.802305,-2.5408466,-1.7845016,4.3831844,2.7955904,6.3202806,3.070904,12.784553,3.5617619,10.623695,1.178754,2.6633248,2.0433328,3.6349318,1.4359137,-0.7771265,0.831081,3.4752698,0.36846268,2.5206094,16.413551,4.0575657,4.6340013,0.46195918,6.2179937,7.9620733,2.7818906,0.33354917,4.1414013
table_c.png,5.89995,72.331635,4.2482033,7.5362215,4.669156,16.697372,0.47917134,5.953219,0.5793417,5.102386,9.902453,6.3213577,2.908023,0.8723093,13.288498,4.433837,0.5716498,-0.26958025,18.643639,-3.4752493,5.476065,1.7605712,3.4463096,6.3494196,7.093381,-1.7508391,-1.7122693,1.7439674,1.9742426,9.241409,6.358064,-1.4812702,7.1634784,4.9081287,2.7926438,2.6453648,4.3533497,2.7675223,0.2267708,2.6886075,-0.8316215,1.5820569,1.7622892,1.3487073,0.5452926,2.8302631,1.956033,5.9867854,1.012767
tiger.png,3.2497964,1.2839679,62.50868,-0.024738489,-4.0385838,21.8102,15.901788,1.4832888,11.783149,9.910188,9.154138,12.965404,-1.4777399,6.7901783,5.0602026,0.28806496,-1.0917065,5.3964767,2.7494545,-0.23253383,0.08226428,1.1397921,-1.7538704,1.8271304,-4.7061796,1.0472825,5.8594303,-0.55803806,6.702039,2.214529,7.6457767,3.2710485,-0.23826343,0.4022643,5.852322,1.538335,1.1788282,2.9536452,-5.4901795,1.910111,8.916148,2.321306,-1.7689586,4.2567534,2.7259362,-2.432088,3.4174323,4.370039,-4.340072
tiger_c.png,4.349715,5.639622,26.863798,-2.4873517,7.9246173,38.312782,32.756073,14.390206,16.145025,6.4542494,11.034055,15.162145,-1.2653391,9.195985,6.250204,0.04242249,-4.9252844,7.8455596,0.6677109,4.2725124,3.311767,5.3255997,1.0873601,1.5370916,-3.9844353,3.6069465,3.7364256,4.564699,8.285591,2.998735,12.367209,2.1270494,1.6627176,0.8814304,0.655619,5.237057,0.27675572,1.6868349,-7.587397,-0.5090045,3.3908598,5.4248686,1.4644845,3.7297678,3.4286573,-1.007778,4.8752093,6.3914647,-1.6014092
tree.png,14.91024,4.679377,20.284218,2.68871,-4.4343667,19.105526,22.666391,3.9963684,9.413723,19.171923,7.2903423,19.83529,1.9391054,6.401291,-1.2436835,5.6032004,2.9781387,13.279946,-3.8206882,3.347502,0.26981914,5.711533,-2.5100663,-1.6154988,-0.38737085,3.1849968,3.5075135,3.4403875,20.73424,-2.7798338,10.562541,4.002057,2.648396,-0.088819675,-0.13561454,7.7228055,9.000731,-2.563231,-5.508322,2.2896469,13.978258,1.8965093,2.3627183,1.6232063,2.5376413,-1.1083264,6.1174264,3.0508006,-6.7351637
tree_c.png,13.795592,-1.4646013,29.673862,8.922582,-4.4898567,15.497864,12.278093,5.118347,10.290792,33.31534,9.412953,11.508955,6.431582,4.7125874,7.2529764,5.638853,0.18469082,0.98363274,-1.6500936,2.3480725,0.77341914,10.268155,-1.0565546,7.309945,2.5496454,7.6981544,2.9186547,18.408096,7.391963,3.0682888,2.1730828,-0.22303383,3.7767782,-1.6594548,5.528964,4.93488,7.2146544,1.15465,-3.6150799,0.5410241,19.142918,0.8112536,-0.46834946,3.3026028,4.1627407,1.3327247,3.8767052,1.9585758,0.03406606
treeelephant.jpg,-1.541407,11.925344,38.211025,11.453338,5.1855035,15.701593,21.670694,8.466073,16.017792,11.200182,11.05788,10.851688,0.101031646,6.936742,12.106902,1.0448334,2.8403683,10.741897,2.613986,10.177138,10.93373,2.220167,2.4364445,5.882555,6.0590496,3.2788105,1.3652084,-3.2584012,13.827227,11.207538,10.1921,2.093399,6.232324,7.887647,-2.129979,5.4031534,2.1922426,-0.4821759,-3.5949342,7.643314,5.8374486,8.893711,4.226207,6.2764025,9.70092,2.7077067,0.3054304,4.5791626,4.3812685
treeelephant_c.png,7.587763,9.208586,22.565685,0.89438343,1.1798946,27.329033,31.626251,7.073122,14.507925,17.335085,6.2723475,7.964343,5.938117,13.852503,8.844037,12.581671,-6.040897,18.527122,0.42226416,12.15029,6.0557604,2.3342476,6.1633325,0.4671731,5.7809634,6.190358,-1.3967023,-1.2929783,6.2049704,6.2572794,5.349877,-2.6164486,8.886497,2.8710797,0.08025654,2.9579532,-0.19307174,-0.15497422,3.4227161,6.2462115,0.9300898,2.65899,7.595417,3.8603544,4.8528223,4.310062,-1.9016709,2.1779442,2.1197307
twotrees.jpg,-1.5329663,9.790286,22.05721,7.688594,-0.061272413,34.557404,25.381866,6.3738465,16.632122,22.353325,5.6286225,11.698735,-1.1346055,9.213499,8.226437,0.7663,-6.33344,4.434085,3.7870812,7.5726166,9.033283,6.007217,-2.8723695,8.630235,-4.0797505,-0.5277973,1.8732008,7.074331,13.451121,5.1692367,9.56154,3.2515292,8.07049,3.93748,-0.20158821,2.7562351,5.4418745,3.2193363,-4.375095,0.5794747,5.0269017,9.429178,4.776821,3.2440252,1.6309317,2.745111,4.748999,3.4269848,0.36063436
twotrees_c.png,14.74928,7.774039,48.29521,3.5107605,3.0040846,1.3938532,2.8641279,0.34668428,6.2743216,12.4223795,3.217062,10.298124,8.064823,2.8741722,5.205595,1.821029,5.669581,16.872147,2.7780437,0.74256957,12.322332,0.19771847,0.44985825,11.007168,1.7977189,-1.4823009,-2.2145388,10.594366,3.1784356,3.4474692,2.895156,-1.4433548,-3.2792146,0.28639537,1.9522694,1.8995028,-2.0511596,1.955776,2.6422698,3.1286652,3.7039127,1.292694,-1.4099345,4.5420303,3.8702738,3.9678223,0.38504863,4.575341,6.037635
upsidedownwoman.png,-9.491791,10.481217,30.98971,26.683435,-0.43365583,24.115475,15.449362,8.788529,8.276913,39.219555,9.845379,24.518183,-0.633914,-0.7170761,2.792271,-2.8070934,-2.678337,0.037195534,5.3843203,1.8525766,6.396422,-0.2781723,-0.9222925,14.316946,3.8675156,5.897184,-3.8969095,1.6131272,7.92486,6.7512274,6.2628427,-2.3927884,4.0040483,0.67650974,6.757889,1.2623987,6.872311,4.0509214,2.2247744,1.3796105,5.408255,1.5410194,4.4353223,2.7172732,3.7217033,-1.4368057,1.6492412,2.519231,3.352486
upsidedownwoman_c.png,-4.1408105,9.883032,28.526073,21.419344,-3.3826861,27.606178,19.153744,4.722354,11.818242,27.704132,13.995327,25.240648,0.047058098,0.10483293,4.6739044,2.311007,-0.7959548,3.4632125,6.6013756,6.192397,7.0167713,4.0405297,-0.3130619,13.887687,1.0681947,5.96723,-0.8900268,2.9795208,11.292256,8.623503,4.017263,-3.5056043,2.5309994,-1.751408,9.248705,-1.4655917,3.0131938,5.313591,-2.4826055,3.6236076,1.2181617,2.1820784,3.7296607,3.0407934,-0.65401846,-0.37809727,-1.5505478,0.8502162,0.08505788
vangogh.jpg,-6.290682,3.1190772,36.090706,3.4556003,-0.8251965,23.666409,9.670821,16.969374,9.60513,23.736073,16.07044,18.800943,5.8882885,-4.281916,5.7317367,0.5628163,3.3953884,7.64162,1.3271316,-0.23237404,5.922634,4.6618767,1.3348782,6.0651345,2.2707489,4.5648823,2.5659866,4.1178365,7.5236874,3.8605115,8.188897,2.5918489,3.5535853,0.77010065,-0.68047225,-0.09412763,-3.8353853,0.6411107,2.234551,3.8278666,18.18089,0.80860585,1.524245,2.246121,4.825356,1.1584792,0.7449996,5.576384,0.51312816
vangogh_c.png,16.589603,11.618112,13.798944,6.202067,12.344639,-0.0066563487,3.3538074,-0.2225721,6.975746,44.63356,11.003154,4.81715,11.1536045,2.95792,1.632246,1.5544084,0.9405171,6.902107,5.147668,4.8978353,-3.6923952,2.961752,2.4493985,0.8008422,3.2206206,2.3669157,3.594491,2.750894,-0.18280046,3.7600808,1.2806458,-0.3187933,0.3073694,0.92794484,0.19480781,-2.7891588,5.8715634,5.9431915,0.9500459,5.7010922,24.185484,1.711712,1.0734763,0.5416668,5.0904,7.7747173,-1.7592244,-0.26160842,-2.0935395
wife.png,0.01260452,8.4592905,21.197819,16.370602,4.135166,12.039062,7.4013076,7.231466,6.5179667,26.174763,-0.070970505,0.73457044,2.7541842,3.4528654,2.520423,4.332447,-1.6502792,7.7327943,7.0710883,4.9894767,5.029378,9.173549,0.98739994,1.9063324,2.1898546,9.284732,-0.9025643,7.51599,6.5645666,5.8372087,12.405414,8.149233,4.0340934,6.3106403,4.131915,0.5300224,6.86534,-0.5951818,-2.0288727,7.323436,24.004562,4.6481347,7.687007,9.242726,8.593541,5.8398438,11.307759,4.4996033,10.118616
wife_c.png,2.2429829,17.576664,21.709406,24.423922,0.954574,8.481523,0.3580806,3.369755,-1.0165807,39.154366,9.86855,14.284193,-0.35495582,4.5901484,1.4882777,3.1848922,-1.208286,15.282981,20.632784,2.9875681,0.9062959,-0.24601948,0.30928057,11.069449,6.868784,12.231478,-1.6768475,5.9624386,7.1225286,-2.2585106,-2.598348,-1.3103042,4.1112404,1.6563455,4.1545043,5.1284385,-0.47008032,-3.109611,-0.26944104,5.2997985,12.210579,0.6478828,6.5970974,5.2159953,9.6460085,6.38352,0.80270106,1.8369131,2.2045603
woman.png,-2.9930685,7.081183,24.387512,7.3525443,-0.13476965,19.48357,13.941126,6.43472,6.542387,38.22234,9.280525,16.461628,6.8620057,7.176145,3.5264156,1.3385314,-1.3246205,12.288643,3.1234813,3.860457,3.7471526,2.377829,-2.5872233,7.4564853,2.524274,5.0417256,2.2144246,4.4398675,13.447006,4.417801,5.6711254,3.3348231,2.499207,2.4190252,2.205775,-2.2237492,8.677058,5.3382964,-1.9927114,1.3335613,26.861977,1.305364,-1.3259733,6.1209264,0.58488506,-0.7726191,1.3275532,2.5975113,0.90896076
woman_c.png,6.2547207,14.25328,25.178082,7.336117,1.2876216,6.8652925,-1.4726027,13.982601,-0.83062434,50.59294,6.6242695,13.839992,7.1148605,0.82847273,3.2046578,-0.71794635,-3.6668088,6.032223,4.1174746,-2.4591699,6.094099,1.6023425,-5.981832,10.476222,4.2438183,2.3931677,2.3091812,0.92729664,9.072556,0.14584334,4.7876673,-3.7320685,0.528014,-1.6639094,7.293901,0.41645956,7.2179327,9.806028,-5.4548755,-2.2009377,24.445244,2.661851,5.012965,5.9559975,3.1330743,4.3175673,4.18963,-0.07170485,-1.3553264
