image,0,1,2,3,4,5,6,7,8,9,10,11,12,13,14,15,16,17,18,19,20,21,22,23,24,25,26,27,28,29,30,31,32,33,34,35,36,37,38,39,40,41,42,43,44,45,46,47,48
0.jpg,29.516687,18.999702,5.2766695,9.854261,50.6402,8.684813,5.1197042,9.942494,11.060494,9.861703,13.668755,1.4220964,17.989824,0.0,4.4026074,0.0,10.644315,14.973298,8.406125,0.0,2.7168286,0.0,1.5204947,1.1735884,7.741072,4.7246137,0.0,0.0,0.0,1.8053137,5.3601837,5.435787,5.275155,0.64099747,0.065826625,0.0,0.64224774,0.0,10.810714,0.0,0.0,5.860852,7.999523,10.730949,5.1767035,3.7822251,1.5021608,2.2893574,0.933622
1.jpg,25.152287,47.81213,3.8229876,5.902512,41.269802,13.188037,0.7755652,1.974078,9.975295,1.4430116,6.709994,1.8869445,5.3588147,0.0,1.341188,2.4168637,8.782698,10.41986,15.4698,0.33794576,0.0,0.0,0.0,0.6811701,0.7176475,16.563538,0.0,0.0,2.132754,0.0,3.9810262,3.7548747,1.1278175,0.8253667,3.5355368,0.0,0.0,0.112800345,3.4203253,2.9803534,0.0,2.9180346,0.0,9.261918,0.15606591,1.082671,0.0,1.9096566,0.020062178
2.jpg,34.95852,22.112644,0.0,14.27169,51.663197,4.7874866,2.2620869,6.6387796,12.800634,0.9983996,11.695003,0.0,6.626144,0.0,3.524989,0.0,11.790241,13.672449,9.906513,2.0964925,2.9477353,0.0,4.8174596,0.0,7.649932,7.2298794,0.0,0.0,1.1424336,0.72566366,5.8332496,4.633805,6.768869,2.7057524,1.0649966,0.47880343,1.2126764,0.0,6.999523,0.0,0.0,7.4706435,7.3238654,13.964345,4.5077333,1.7383258,1.0479499,2.3252823,3.7682936
3.jpg,22.230587,43.609123,5.474538,8.8549,43.7685,8.458647,1.7537501,4.308165,9.019744,5.1788173,2.0508275,2.3343966,8.449308,0.0,3.5792298,0.97216517,0.0,8.33313,17.561821,0.0,2.3356874,0.0,1.6185536,0.8384608,5.8365607,6.7975173,0.0,0.0,3.9635274,0.40998432,0.0,4.235219,12.448043,4.1600285,2.5106945,0.0,0.0,2.2529151,3.4852722,4.261838,0.0,8.129322,0.0,6.8697224,1.5014434,0.34530163,1.4062291,0.6203333,0.117695145
4.jpg,29.14316,36.755234,0.4353011,9.810659,45.08498,16.961592,0.0,2.7093022,4.101438,4.473213,9.724103,7.0091085,16.963951,0.0,4.129705,0.0,0.0,6.4252095,17.787073,0.8883889,4.6475043,0.0,1.3941021,3.0269396,5.5489054,3.780299,0.0,1.7575659,2.1339142,0.0,0.30996615,2.7050548,6.1287165,3.5097194,2.5742586,0.0,0.0,4.5385847,7.7519937,3.7916808,0.0,10.403729,1.6201642,6.5855713,3.0052776,0.63225895,1.1394851,0.33410144,0.0
5.jpg,38.81736,37.685364,3.3093042,13.242701,41.721508,10.591772,1.719696,3.1990566,7.4456534,5.4465375,7.8088,2.120852,6.487882,0.0,3.363718,5.395785,5.4570923,8.59144,13.379325,0.0,3.5162575,0.0,1.5690877,3.429523,3.9837368,2.9794314,0.0,0.0,5.7319155,3.8714898,4.8867946,2.195397,4.043525,1.3143178,3.8159285,0.0,0.0,1.019793,4.2662225,0.0,0.0,6.4487114,1.496486,7.169208,1.380491,1.0331969,1.430851,0.87166744,0.0
6.jpg,26.80816,46.264328,0.0,5.3343143,47.96734,8.303043,3.2893457,7.147809,17.5968,2.3575573,0.21022087,3.7523084,9.26441,0.0,1.7460561,0.7652965,3.7372105,9.068566,17.402458,0.20075533,4.0902624,0.0,1.367619,2.307269,7.4040046,4.8961945,0.58453655,0.0,1.9009567,0.47030616,0.0,6.228851,10.79995,5.2508473,2.7006655,0.0,0.2817695,6.782936,5.9325147,2.724988,0.0,8.494198,0.0,5.7755527,1.2310914,0.35798848,0.0,0.82353073,0.0
7.jpg,32.990776,35.91936,0.0,7.4491224,45.877354,17.24661,2.5452197,5.4551215,12.352168,0.082421586,6.298335,0.15276429,12.622523,0.0,6.3423,3.9094336,5.084784,8.121645,13.154647,1.7396318,2.3406978,0.0,3.0116653,2.8418043,5.536009,0.0,0.0,0.0,4.835318,2.6870687,4.3617,3.1220646,13.514855,5.2230787,2.424221,0.0,0.0,1.6739875,6.2342625,0.91237557,0.0,9.111966,3.6740613,9.972765,2.7496169,2.4186354,3.0788665,1.3905269,0.0
8.jpg,29.414917,42.378574,0.0,7.2145767,48.004284,7.958991,0.0,5.2251363,9.753302,3.3500485,11.142804,0.515629,15.803298,0.0,4.8690705,4.7110105,3.6609833,7.009199,18.48453,0.7243903,2.0116553,0.0,8.550206,1.0693094,6.999347,4.4767675,0.0,0.0,2.5316257,0.0,1.7907344,6.5693007,11.45515,5.9815755,1.2165679,0.0,0.0,3.4791873,7.0199504,5.3022847,0.0,7.320175,1.709647,5.830626,2.8309453,1.2254949,2.7812946,1.1905785,0.0
9.jpg,16.566036,43.836098,1.2666876,9.724162,42.513435,12.1853075,0.0,6.1049004,12.50266,6.288332,13.107636,2.3997066,5.056398,3.8695664,0.83120334,0.0,5.0004125,7.126282,15.781882,0.20569651,2.2651713,0.0,4.7588344,1.4948123,3.740159,5.28436,0.0,0.0,3.568583,4.840391,2.5803025,1.9202597,5.7700987,2.635701,3.949748,0.0,0.0,2.0984786,5.716376,2.9331532,0.0,8.269494,1.8335747,5.90255,2.641501,0.08913167,0.0,0.060096525,0.92672205
10.jpg,24.208014,34.648876,5.3200355,9.932652,44.980114,9.09866,2.9928904,4.3521767,13.100407,9.273946,8.209964,1.680635,6.03304,1.6789473,2.5207896,0.0414439,3.4464023,15.174869,15.137842,0.0,0.0,0.0,0.0,2.4982073,3.031387,13.345506,0.0,0.48731565,3.5302203,4.1491942,0.52794695,1.4826249,4.7168245,2.4083264,0.0,0.0,0.0,0.0,4.1324053,3.3203292,0.0,7.760113,1.8496994,11.14776,4.5088925,2.1033716,0.0,0.1702738,2.9983206
11.jpg,30.863523,35.455048,2.7983456,8.210148,48.296463,7.794387,0.6619919,2.0034134,15.134421,0.81214875,5.9624114,3.9473395,8.850391,0.0,3.8037121,3.2536879,0.6331592,7.7611856,20.652603,4.3180146,3.571498,0.0,2.4923694,1.8257525,3.451717,6.508336,0.0,0.0,4.3359265,0.0,4.555085,5.49091,13.078415,6.190713,1.8652513,0.0,0.0,3.9821093,4.488893,3.5773833,0.0,8.52761,2.9206111,5.31773,2.0242088,0.0,0.0,0.5200412,0.0
12.jpg,25.021618,30.468464,5.8772535,8.63072,48.457314,8.733942,0.5360175,7.0518174,17.071,5.851876,2.3906388,7.5973196,7.4965043,0.67106223,1.76146,2.6246443,0.0923929,9.769596,13.890017,1.475099,2.1172564,0.0,0.0,0.13726708,3.739436,8.100512,0.0,1.1098547,2.9759548,0.0,0.0,4.059225,9.417209,3.3247366,2.9962616,0.0,0.0,3.7078779,6.3639035,3.2079883,0.0,8.258611,1.3894191,5.9434404,2.5946074,0.0,0.057159595,0.0,0.0
13.jpg,15.708961,26.75493,4.8234024,15.498068,50.36164,6.8242073,1.1246748,0.0,9.249952,9.049194,7.9040537,10.691179,0.0,0.0,4.9827585,0.0,2.417323,5.614198,12.445808,3.1846874,0.0,0.0,0.0,7.560266,0.0,19.26501,0.0,0.0,0.0,0.37109423,8.105477,6.1794066,2.0600612,5.1231046,0.0,0.0,0.0,0.0,0.0,4.237817,0.0,7.587549,2.8251455,6.996017,2.212778,1.073886,1.670244,4.723089,1.7960701
14.jpg,17.186365,11.220477,6.04643,15.406433,50.432117,8.349584,5.6382985,4.336505,15.751563,10.743712,12.0009365,4.9350653,4.714776,1.3526645,0.0,0.0,4.5154586,11.167419,4.927544,3.6728866,0.0,1.1285975,14.591597,10.043303,0.0,12.364957,0.0,0.0,0.150525,5.2161107,7.320412,7.29468,3.248863,4.595555,0.0,5.0258064,1.5679933,0.0,1.5081359,0.5264595,0.0,10.53997,9.004307,7.500316,4.540926,2.8376074,0.28825253,3.3284988,2.378494
15.jpg,17.407763,9.675443,0.32600388,17.740562,49.024982,10.256422,3.6426268,5.4187026,17.94136,12.193005,12.402255,12.345035,3.567359,5.4541717,3.0304081,2.247819,3.0338948,7.0448065,9.104351,0.0,4.6797066,0.0,6.636443,11.829054,0.0,20.892048,0.0,1.5974045,0.0,5.0696535,3.119412,5.964798,0.96256036,0.0,0.0,0.0,2.459019,2.6621377,0.75916666,2.2046974,0.0,6.8219504,5.825363,4.866867,2.4548202,0.0,0.0,1.1048244,1.0660369
16.jpg,15.218973,9.831611,2.5469484,20.005142,52.073444,2.9794598,0.7029176,1.3396299,12.800614,7.1341915,14.102127,4.058682,1.7783523,0.31833342,3.6482544,0.0,7.449101,7.5821548,10.706014,5.207565,1.2857587,0.0,8.230012,18.46588,2.468806,12.725147,0.0,0.0,0.20555538,5.0381727,9.841765,7.8386745,11.469826,5.633076,0.0,0.0,0.0,5.0397315,3.3481576,4.4349184,0.0,8.398726,4.745026,8.251314,5.1780553,2.5117588,0.0,4.134809,1.9235451
17.jpg,13.629723,5.850329,1.6955167,14.672087,51.99376,20.587055,4.830741,2.6852067,13.251827,6.2394204,18.810854,12.076662,1.3481674,4.1008654,2.669806,0.0,4.128255,16.177898,6.554492,3.6562953,0.43195122,0.0,6.7810073,7.7349,1.9167218,12.055516,0.0,2.138042,1.3178018,2.2249126,8.848599,6.165322,8.226088,5.636393,0.14055325,0.9756987,0.0,1.5095857,3.1057813,0.3543539,0.0,7.0581408,9.166574,7.388629,6.2650056,1.9189181,0.0,2.4705727,2.587583
18.jpg,14.319695,4.614038,0.8354569,26.69952,51.063572,10.565208,1.7166932,5.930293,11.232595,12.822702,14.7522,4.21818,2.6489398,5.4546432,2.6332157,0.0,0.0,10.198044,7.391699,3.793469,7.191459,0.0,3.723801,6.334734,2.874374,9.790414,0.0,1.826699,1.6911497,0.0,10.075816,7.614685,4.33965,6.7809343,0.0,0.22367077,0.0,2.7751954,1.5835156,0.0,0.0,5.9472504,6.4117374,6.576251,2.9495687,3.9883885,0.0,3.7393618,2.4670167
19.jpg,8.2752285,8.721531,4.8212667,17.325516,47.040493,25.488626,3.2007143,1.9342558,14.053011,11.640267,24.332327,4.1948905,1.307076,10.86614,1.9188434,0.0,3.8683918,10.602305,7.01707,3.3129783,1.7373874,0.0,6.050453,4.5043073,0.31277034,7.871498,0.0,2.099923,0.1788538,4.425753,11.341989,6.2550187,1.7771393,5.509753,0.0,0.0,2.518214,0.0,0.70045066,0.0,0.0,9.517533,9.162114,8.605763,12.216207,1.5871879,0.0,0.67891794,4.3767285
20.jpg,11.1932335,10.355882,10.702714,14.522472,48.54531,17.541506,2.658012,7.0431314,12.694095,14.532584,21.326696,2.3133337,7.3266826,1.2320582,0.0,0.0,9.57196,16.151241,7.7459283,1.2372152,5.936121,0.0,3.0790854,6.2745123,0.68490356,9.465436,0.0,0.0,3.7717798,2.1872838,8.679323,3.0471673,5.4129224,2.4469743,0.0,0.1027652,0.0,0.6368817,1.5407363,0.0,0.0,6.184591,4.410244,10.494322,5.892123,3.825926,0.0,2.8740077,1.037078
21.jpg,13.646199,2.5397553,11.804484,9.91067,52.118553,16.767353,10.0919695,4.644657,18.840467,6.0195727,11.188876,7.465515,7.6921015,0.0,0.0,3.6724794,7.0314302,19.738329,7.9407206,3.0384684,1.128815,0.0,4.4833293,7.5011716,0.0,5.1487036,0.0,0.0,2.8186944,0.7692372,5.5181675,4.856886,10.385062,2.780424,2.2445712,0.0,0.0,1.4960406,5.020875,4.5051985,0.0,8.5375805,12.717955,8.311284,4.5423384,6.2316856,0.0,3.4868696,1.0857886
22.jpg,19.892534,8.60995,0.0,17.502556,52.377655,16.600903,5.7325315,8.38348,16.419773,5.0400796,16.328423,8.563489,7.155976,2.937692,0.0,0.20067906,5.3619356,13.45537,9.197264,3.2728455,1.089739,0.0,4.574225,8.271028,0.0,7.7912464,0.0,3.2944515,0.08360855,0.96524626,5.858568,3.3950903,3.9012253,1.1337621,0.3989574,0.20564897,0.0,0.80492926,3.8221285,0.27274093,0.0,6.015925,10.013377,8.917,3.7437775,4.72869,0.0,2.924622,1.6934041
23.jpg,12.799231,8.954143,0.8322764,24.874481,50.176723,8.397772,8.271594,7.548254,16.536827,10.300695,12.42317,11.308371,3.3607788,0.0,0.6204721,2.1057935,2.363518,9.947503,6.512011,1.4754553,2.9320192,0.0,5.5765347,20.48642,2.8876238,5.2510524,0.0,1.3655605,0.0,3.2900057,11.958451,11.475529,12.193088,5.2982936,0.0,0.0,3.6393292,0.0,0.9295296,0.0,0.0,8.206766,10.133548,6.3415074,6.83898,4.3715534,0.9669802,8.688982,0.37767664
24.jpg,8.987666,8.382567,9.923194,19.366741,53.085846,7.2820067,3.423347,2.2207122,13.902447,13.494557,24.03418,8.232629,0.40039885,2.7969532,0.0,0.0,7.609782,12.28223,6.0749946,0.79076344,1.7604057,0.0,6.8770356,7.7292695,0.0,10.294469,0.0,0.10329382,0.6340332,3.110996,9.133845,9.564255,5.3629684,1.2108511,0.4949266,0.19896065,0.0,0.0,0.41003823,0.0,0.0,7.345119,5.5468597,4.413684,6.3449817,0.4070403,0.0,1.8345336,0.91299874
25.jpg,15.009022,27.616796,6.816663,13.918525,48.422108,9.0809145,5.222487,0.77531755,13.340667,10.044408,8.508622,8.390732,0.0,3.077991,3.2268887,0.0,0.96896684,7.4585342,8.916619,2.9832425,1.7353525,0.0,0.0,5.769571,0.0,11.766125,0.0,0.0,0.5500704,0.008542836,9.37659,6.678572,5.2018476,4.942951,0.0,0.0,0.8472071,0.9140097,2.2752645,2.2205765,0.0,11.37935,5.6239104,8.051479,3.7992492,0.18173233,0.026850449,0.4543513,1.6882085
26.jpg,19.385565,7.2022753,1.9810697,24.130482,54.387657,3.5319865,1.5806195,7.790033,11.066444,10.36944,3.3622575,10.597687,4.5761967,5.791568,1.6313308,0.2798228,1.921613,5.70095,11.471678,2.5268779,2.792261,0.0,0.0,9.935273,2.8236248,13.509546,0.0,0.0,0.0,2.0774715,10.016826,7.583679,12.388611,4.1537733,0.0,0.0,2.352732,3.5780408,1.2160801,3.7580683,0.0,6.189752,7.9263673,4.354658,3.8031023,2.526601,0.0,4.0418615,0.7519037
27.jpg,11.207511,13.629961,9.873422,17.890411,54.047657,15.955093,6.4268365,5.482976,14.89163,15.033695,10.502367,8.295216,2.6579392,0.0,1.8245869,0.0,3.9931986,14.098452,8.956636,2.4551127,1.8964432,0.0,0.0,8.183035,2.605113,6.312512,0.0,0.0,0.15489814,0.0,9.946097,5.809253,9.105341,4.526069,0.0,0.0,0.0,1.7035265,3.2204409,0.0,0.0,5.9731326,8.864448,6.1527658,3.8514404,4.5447683,0.124962114,3.5569448,0.39297676
28.jpg,21.905409,2.5687997,3.501861,14.721113,57.257523,3.8766994,4.929325,10.325082,11.885683,12.731536,10.965007,10.653228,8.770331,3.0671482,0.0,0.97891057,0.0,12.026867,6.9102607,4.1636195,6.530652,0.0,1.3104794,7.237042,2.8859413,15.741454,0.0,1.4902401,3.9010034,0.0,8.166443,8.868732,4.306193,4.856189,0.0,0.0,1.8598478,2.8858259,0.7895296,0.09506475,0.0,6.1455684,9.354277,2.9252932,2.4539008,5.8358083,1.6616818,3.1915188,1.444441
29.jpg,27.177456,10.660806,4.055254,12.113905,54.91971,5.7229576,4.6598344,5.8593183,9.14897,7.5950994,3.7758727,9.725847,10.74076,5.039937,2.5787644,0.0,0.71001023,10.658553,5.4176917,0.44562835,4.219996,0.0,0.0,6.866207,0.0,15.924604,0.0,0.06844877,0.37878463,1.6181138,7.2617755,5.6674967,4.6415644,0.22077183,2.6174176,1.8871484,0.0,0.0,0.32152152,2.8045564,0.0,8.129772,4.7125807,5.18981,0.9406035,0.018838793,1.6202502,3.1742647,0.0
30.jpg,24.119825,5.081942,1.4683738,10.260406,54.769302,2.3759992,3.913219,2.407277,14.911856,2.0490663,11.329154,15.467366,8.437437,0.0,0.0,0.9406595,12.156404,19.13046,13.571091,5.245387,0.0,0.0,0.0,6.165747,0.0,16.080658,0.0,1.3610727,0.0,0.0,6.8695955,6.732689,4.778951,0.0,3.9040287,0.0,0.0,0.0,3.702142,2.6886914,0.0,4.937004,8.416505,8.622374,4.2787004,2.4066648,0.70967406,4.380033,0.0
31.jpg,16.44637,0.0,4.0959277,23.974716,54.58386,2.1343884,2.9741678,7.9833775,14.879455,10.566724,11.459518,7.040939,4.5145445,5.1934776,0.53306085,0.0,2.2608593,13.2936535,8.715003,4.2589197,5.899926,0.0,4.802276,5.4540863,2.819792,8.4252205,0.0,0.0,0.082874484,0.0,9.445755,10.737487,11.53657,6.2926254,0.0,0.0,0.7978396,3.368368,1.2564514,0.07358082,0.0,3.7823007,9.356795,6.36374,3.9442186,3.2740052,0.0,3.835351,1.0648879
32.jpg,22.804739,9.178064,7.342106,14.313539,49.73771,9.972809,0.58469623,6.054787,12.149926,18.3206,9.881412,0.06575119,3.0373437,0.6711064,6.464757,3.7515655,6.8591604,9.446468,15.028712,0.0,15.347725,0.0,3.474699,5.988694,30.621212,5.594598,0.0,0.0,1.6299427,2.0980406,2.3066354,4.9843693,15.033425,4.1514964,3.5996041,0.0,4.4914284,0.0,6.0649853,0.0,1.0240966,4.8207097,3.7306876,8.051397,2.1385546,8.945258,3.1511788,0.0,1.3849865
33.jpg,21.638018,3.7373343,3.4090385,14.147122,47.179337,0.37299636,4.8615537,2.8891015,17.227879,5.7493415,28.000694,8.083284,3.0465403,5.2352653,1.059242,0.13689788,8.416303,16.111649,0.5617798,0.0,0.0,0.0,7.30576,8.64618,8.908569,2.1022,1.0006604,2.1145015,0.42028502,2.6562426,7.23703,10.975712,7.243123,4.7616982,0.0,1.3456097,1.7810168,0.47969428,4.2386794,0.0,0.0,8.66618,9.069809,7.152483,32.436928,0.17299709,0.27397704,2.9087098,1.9500453
34.jpg,24.865463,2.2049565,8.912492,16.700108,47.494717,1.4210986,0.0,2.941234,8.156292,17.327078,18.071663,3.9378972,13.52541,9.2111025,0.0,4.7440543,6.359388,21.481693,7.60537,4.2064066,5.484557,0.0,0.0,5.1478014,3.3801734,7.229051,0.44081685,2.4262178,2.9705238,2.528461,3.4362435,2.3139465,10.220175,2.6239977,0.0,0.0,0.057203367,1.4748783,2.8152878,0.0,0.0,5.735253,6.9067135,8.872865,6.610678,3.534227,0.0,0.26491117,1.8279294
35.jpg,20.611351,1.7042948,7.7787147,16.340141,54.92736,2.434134,5.231786,3.5909078,21.789343,12.108263,11.358209,11.764328,6.1377444,1.8958757,8.04763,0.0,1.5999109,11.802295,4.8158026,2.638372,7.0929503,0.0,2.4360118,9.756305,10.049282,3.622769,0.0,0.0,1.4453907,5.3455997,10.866605,8.319224,16.87085,8.098873,0.84579045,0.0,2.3712082,3.7745743,0.12663035,0.0,1.5197927,5.094914,11.165419,2.1994429,11.010937,9.168174,1.8331699,3.770101,1.2547244
36.jpg,22.529737,3.05717,2.3995636,20.023548,55.018234,8.04628,4.804263,6.1967807,17.705278,8.996324,14.984552,8.248487,1.2926902,3.5127528,0.0,0.0,6.5862007,10.4236555,6.909024,0.0,0.16252491,0.0,5.5072317,3.585946,6.865494,3.2081287,0.47875658,0.35562032,0.0,0.0,6.855472,5.2616353,5.999957,1.5821576,0.0,0.0,1.156508,0.0,4.152327,0.0,0.0,4.2602224,11.46491,8.656828,25.642845,3.4402099,0.7623684,3.6470697,0.0
37.jpg,27.114386,5.8084445,4.9075036,12.393878,50.19242,4.3413534,6.041279,8.669021,32.400024,13.161381,15.136059,4.513456,18.429344,6.7198725,0.050340965,0.0,4.2502494,18.858124,9.076635,7.644023,5.570288,0.0,3.7447677,2.5940616,0.0,9.194813,0.0,2.2086911,0.0,0.0,5.1670947,0.9705346,4.7440577,1.0178659,0.0,0.0,1.3414006,0.0,8.941838,0.0,0.0,4.0828257,12.961409,11.02893,4.8916626,3.433736,0.0,3.188304,0.0
38.jpg,22.619024,4.0785646,5.6530185,17.515821,45.508717,15.259211,2.5436919,5.9328833,9.37257,19.664341,10.841804,5.351637,0.0,0.0,1.7950333,1.6586479,1.723128,9.017465,14.6532345,1.4667265,17.444618,0.0,1.0497478,7.0213833,28.385687,6.569545,0.0,2.9413283,0.0,0.0,1.5346307,9.361748,1.7773178,2.2893639,3.457322,0.0,1.5529892,1.7468476,6.849043,0.0,2.049481,3.4857352,4.4745374,5.309838,0.0,0.77636707,0.0,0.0,0.74975735
39.jpg,20.90767,8.054826,2.4037623,13.455963,51.714153,17.219873,5.514499,6.611186,14.795513,3.2427628,21.078896,6.198548,0.7569557,5.679584,0.0,0.0,5.5942783,9.603543,2.73572,2.404369,0.0,0.0,7.351882,1.9668075,6.853579,1.9324343,1.9613266,1.9408414,0.0,0.0,6.059705,6.3158064,6.8460507,5.103422,0.0,0.061006844,0.0,2.8273156,4.918678,0.0,0.0,11.219144,12.9346075,10.21678,27.357117,1.8522,6.2658496,1.0973843,1.5217806
40.jpg,25.915337,1.4941629,3.5277967,20.043797,48.325123,4.252729,1.8798728,5.2681046,12.908712,13.998476,15.95186,6.356768,7.1528034,7.33445,1.9395974,1.5458139,9.755145,13.799827,4.444174,2.5332873,2.6951604,0.0,1.0964851,7.8205333,12.178439,6.17534,1.1750213,0.4761752,1.8610249,0.0,0.7423551,2.745321,9.635316,1.4305215,0.0,0.88378006,1.5157832,1.4769024,3.8379445,0.0,0.0,7.03796,6.9446297,9.773287,13.637622,2.2103224,0.0,1.8905632,0.0
41.jpg,16.84338,2.686152,2.6796527,16.689186,44.3502,0.0,3.5635092,3.1320412,9.356564,11.709497,21.334604,7.7879653,9.685191,1.6638793,0.0,0.0,7.7562323,18.734472,4.4232426,0.9412415,0.7409703,0.0,19.64092,13.600447,5.384732,4.2252636,0.0,0.0,0.59903115,3.963676,3.0588315,6.1149025,8.190834,1.4428858,0.0,1.7379678,0.0,1.4583191,4.0025873,3.1144996,0.0,7.609208,5.1282973,3.987924,6.767403,0.40258196,0.0,3.3559165,0.9300625
42.jpg,23.17236,0.6755786,1.86226,16.41108,53.68224,0.7219175,8.920844,6.2712574,24.69779,6.4231386,14.2443495,13.186137,4.11461,0.19862573,5.416248,1.1781998,3.888905,13.0135145,4.182281,0.0,0.0,0.0,4.154394,8.181275,7.937806,1.8492606,0.0,0.0,0.08565532,1.6873682,3.2111392,5.532845,16.515371,3.3042781,0.0,0.7123562,0.0,0.0,3.9478283,0.0,0.0,6.3835716,7.4187098,7.583886,24.878454,2.5628781,0.0,5.943387,0.989044
43.jpg,28.50924,0.0,2.6212425,10.546081,49.32068,14.235756,4.8289237,9.494899,17.47685,6.572155,13.747799,13.495475,12.13471,1.2885262,3.7514951,0.0,9.342945,15.066998,5.673268,3.0350046,6.0303926,0.0,0.0,3.1973596,0.0,18.38478,0.5497941,0.36473897,0.0,0.29680926,5.377832,3.8678598,1.2702872,0.68374753,2.626962,0.21911342,0.0,4.136971,4.496408,1.0610929,0.0,3.4495997,7.3315525,6.166889,2.5772314,0.0,0.0,0.8079903,1.6833093
44.jpg,15.548717,2.4519703,2.9531255,25.882128,52.369778,3.9889588,3.3843412,5.447183,21.559507,10.612196,5.7946215,8.086974,5.9185634,0.0,7.3220434,0.0,1.6176357,8.905375,4.869088,2.374841,3.8408391,0.0,2.0087333,11.471746,6.86325,7.4822917,0.0,0.0,1.5061725,4.2221727,10.189761,9.846988,15.5057745,7.3670974,0.0,0.15084115,4.344895,4.7099257,2.4542744,0.0,0.0,3.7827334,8.403934,5.188384,4.817306,2.4332788,0.6670541,5.2530675,1.3514344
45.jpg,14.302261,0.5566824,0.9904828,17.301073,51.526184,0.0,1.3521882,4.324872,17.762201,7.610647,26.465067,7.930464,2.58961,12.179064,0.0,0.0,7.9834394,15.181163,3.6821306,1.393006,6.5783114,0.0,5.2139306,8.875086,7.0866876,5.0439095,1.1052343,3.3715584,0.0,1.554101,6.020831,5.790893,10.596908,4.7016196,0.0,0.0,0.40119854,3.2770119,1.9501504,0.0,0.0,6.93736,9.453577,9.523714,26.940567,3.5626493,1.1006668,4.7406735,1.1917005
46.jpg,21.621069,1.9752901,4.115925,17.451883,47.044693,4.1994905,2.5697398,0.57381207,16.504885,3.1153853,25.635174,20.95394,3.1623776,3.8863454,4.886169,0.40495223,9.721674,13.865486,6.6737204,0.0,0.0,0.0,8.405903,9.413921,2.5400543,2.6000004,0.55061746,4.8123846,0.0,3.7987928,0.0,3.6068206,0.0,0.0,0.0,0.0,0.0,0.0,2.731158,2.2419481,0.0,5.449504,10.141328,6.5729237,34.072037,0.0,0.2385404,8.477606,0.42303693
47.jpg,29.898193,5.59638,3.4309044,28.83555,48.695786,8.286961,1.6404063,13.25039,11.433944,9.823042,15.175822,1.8475308,9.898875,3.3812835,3.6339748,0.0,11.618098,9.436759,4.130016,1.0914955,6.086192,0.0,2.2526884,5.09292,12.734847,0.81264937,0.0,0.0,0.7808209,0.0,5.574594,1.5678372,11.205173,0.97193867,4.9469976,0.0,0.0,2.5080717,8.950798,0.0,0.0,9.016848,7.314662,15.149336,5.6339936,4.9841385,2.361885,3.5908267,2.0321865
48.jpg,22.077024,2.3370142,1.836678,12.972901,50.705414,4.043309,4.260584,2.124149,17.140652,6.9281487,28.256855,7.535595,6.102811,6.846444,1.3088702,2.9202867,5.5315537,17.85627,6.7266955,0.0,0.0,0.0,4.638921,2.097363,8.703579,2.7952194,1.8595387,2.0560405,0.32575595,0.0,3.1443107,4.6849523,3.1227987,1.7609669,0.0,0.0,0.0,0.87674856,5.104793,1.1986835,0.0,8.114731,9.794048,8.310215,28.351086,2.5191019,0.0,3.5518694,1.8771509
49.jpg,26.205639,7.6189356,8.194087,23.076902,48.227127,4.0513678,3.9468403,8.584771,14.448224,17.611254,10.002227,2.2541308,4.194805,2.0963101,0.0,0.0,4.55331,13.307598,6.9312954,3.6181219,0.0,0.0,3.0985193,0.0496123,3.382033,12.093909,0.0,0.0,2.9009662,0.0,2.569416,2.583436,7.118764,0.0,0.29945356,1.3873967,0.0,0.0,5.5064306,0.0,0.0,6.1739683,2.1319163,9.738668,3.0889661,0.0,0.0,0.751897,0.0
50.jpg,22.267494,0.0,5.570414,12.457884,52.573742,5.5042324,3.5592034,4.8672757,24.282562,15.520841,6.8858027,7.206247,11.347426,5.10519,0.0,2.2071207,1.9071976,24.858395,5.640732,9.156637,0.0,0.0,0.22559017,3.8643076,1.6881969,9.228825,0.0,1.7772317,0.0,3.104856,7.672833,6.301639,12.700478,4.6994743,0.0,0.5813808,1.2489414,1.6980075,3.7890992,0.15282966,0.0,6.768886,9.948279,6.41606,3.485985,3.83519,0.0,3.3910499,2.237436
51.jpg,10.055687,0.0,9.291712,12.720193,42.45014,5.6138744,3.494966,2.7415748,21.896366,5.568497,27.585632,8.0415945,2.3960493,11.371667,0.0,0.0,11.849045,16.703476,0.23739888,0.0,0.0,0.0,4.765268,8.107786,4.952643,2.7001793,0.7284598,3.65218,0.0,2.9325633,6.4415636,8.929537,6.2762275,1.3855616,0.0,0.0,1.9995593,0.0,3.3751516,0.0,0.0,5.6054,13.749194,8.743533,34.98244,1.4699985,2.340512,4.2546444,1.3443815
52.jpg,25.975306,3.0177078,0.53529775,38.90921,46.262074,8.358783,1.6473219,3.098264,12.928316,13.51486,24.606462,6.081069,2.4213107,0.0,3.7903645,0.0,18.948853,14.917554,4.3339024,1.2388982,5.3938413,0.0,3.7560973,12.832029,6.687288,0.0,0.0,0.0,1.6095874,0.0,9.837203,5.561573,5.714365,2.5058463,2.3015914,0.31132725,0.0,1.2282724,6.4948835,0.0,0.0,8.267997,7.540009,16.347895,9.368817,2.4589546,1.8651135,5.318364,1.8676575
53.jpg,27.047354,2.7760777,3.241347,16.285866,48.33418,1.7564191,0.0,3.9839988,11.127811,14.51837,4.4831824,5.897507,28.696081,4.5241876,0.04667379,0.0,3.2020922,15.093195,8.88405,4.2718434,2.6436713,0.0,0.0,4.0522137,0.0,13.221769,0.056396704,10.757676,0.34550363,2.4415832,1.5097877,0.0,4.846887,0.0,0.0,0.0,2.2206974,0.9561021,6.32163,3.2001033,0.0,4.5131273,7.508763,5.7792826,1.3866769,2.1670747,0.0,2.0224526,0.76148874
54.jpg,33.29246,0.0,1.8143435,9.174583,48.487415,3.9002273,1.7336694,3.8341298,17.647118,4.595257,2.824963,6.747508,17.039423,5.089793,0.0,5.915438,8.035303,28.096031,4.2523904,4.45069,2.8945293,0.0,0.0,6.253648,0.0,20.827152,0.0,2.4520497,1.3827299,4.2794857,9.2005825,3.5635953,1.9215075,0.44050133,0.48270673,3.0754256,0.0,0.23699921,7.631992,4.7279763,0.0,3.913784,8.2439375,5.769664,0.0,3.1754584,0.73481214,3.237249,3.1379309
55.jpg,19.247875,8.989657,7.9953747,23.725033,50.559147,8.372843,9.415702,5.1582365,24.986448,7.4242063,9.982468,10.735516,3.6498845,0.49162886,3.9996185,0.0,5.739142,11.786971,2.7532284,0.26502478,1.1357803,0.0,6.0269413,6.2282844,8.83899,3.293958,0.0,0.0,2.2922902,4.6177864,9.520297,4.4533763,16.526295,3.4507546,0.73856044,0.6358774,0.0,0.9141598,4.775232,0.0,0.0,6.198747,3.0820231,9.804694,5.1560516,3.1255417,0.86815965,3.8643935,2.389901
56.jpg,24.156748,5.9344506,9.3305855,13.70764,48.32417,7.035768,6.2691507,6.418167,19.959717,17.7749,3.2160547,1.804309,6.841665,0.0,5.358451,1.8373914,0.40471336,5.479313,12.821219,0.0,13.897011,0.0,1.76804,3.3811085,31.918278,2.7306278,0.0,0.0,2.1955397,3.767187,2.9039593,2.174353,7.3105307,2.1398022,5.275991,0.0,2.0715837,0.0,9.490625,0.0,0.50086707,5.462642,6.9812765,6.2346177,5.758992,6.5467196,0.35483307,0.36610496,0.488671
57.jpg,6.087211,5.625056,3.436083,12.000192,46.015884,3.0563834,2.3358026,0.0,17.12732,8.233576,26.108164,9.092738,0.3250571,0.87754864,3.799975,0.0,7.076579,16.50804,4.097778,0.0,0.0,0.0,5.22836,21.26266,6.81073,2.1885235,0.0,1.6175948,0.0,4.598038,7.9219737,10.024246,4.5921946,5.7831497,0.0,0.0,2.56165,3.2990515,2.994513,0.34955806,0.0,7.8414917,5.284588,5.1885133,25.459152,2.6482868,0.0,6.1244345,4.7048664
58.jpg,24.094803,7.450355,6.707017,15.479815,48.464695,13.0563,10.103913,16.821192,11.996992,10.652149,12.684321,8.114085,3.4059324,4.0315456,5.9117823,1.3424197,2.978399,11.67686,1.7742147,0.0,0.0,0.0,0.64670974,3.838943,7.32677,9.290493,0.0,0.0,4.330635,3.0954468,7.2336683,4.0476384,1.8627381,0.0,0.0,6.348087,0.0,0.0,1.515378,0.0,2.1233256,6.6350894,1.9201686,8.734988,5.414242,1.9825451,2.9403043,4.747186,1.8453132
59.jpg,27.83041,0.0,3.812752,15.936987,45.70519,5.4907126,0.0,3.3172853,13.700557,7.1266866,15.303554,4.833292,14.811947,3.2491517,0.17890242,0.0,19.156342,31.214052,10.3643055,6.4089375,4.3486314,0.0,4.6531973,8.354581,6.0830584,9.494715,0.0,0.0,0.0,1.1800606,7.1934752,1.7373724,16.755444,5.518479,0.0,3.3154473,1.7896954,3.5585258,9.202517,1.0220404,1.7917931,5.7388244,9.148245,13.917513,6.0001564,10.663068,0.76743054,4.0724335,3.4046233
60.jpg,15.650209,9.890465,6.8585744,20.018717,47.533596,0.9347964,4.0740395,4.285234,14.535776,14.812441,24.9579,7.254769,5.366152,9.972275,1.6172705,0.0,4.64376,15.868181,3.6590164,0.0,1.7209342,0.0,1.459431,2.5482488,4.358966,7.947257,1.9903315,1.6636137,0.0,0.0,3.4383812,6.143169,0.0,0.09295875,0.0,0.0,0.0,0.0,2.4061596,0.0,0.0,4.470834,3.7924914,8.214172,27.074635,0.0,0.0,1.882212,2.7353637
61.jpg,11.03106,1.5552399,2.6234295,13.116937,49.350227,3.742316,2.9827566,0.0,10.573223,5.0665145,34.735878,10.298625,4.7944336,9.784632,2.5547903,0.0,13.2352295,19.378075,0.0,0.0,0.0,0.0,10.215771,6.2178516,5.7886014,2.4486806,1.1460309,4.314893,0.0,3.104815,2.1621134,9.173279,4.6961727,2.544671,0.0,0.0,0.0,0.0,6.131625,0.0,0.0,6.7689896,8.985116,5.2121205,28.200336,2.725593,0.0,2.7661915,3.4270968
62.jpg,24.167551,10.5347,3.2448478,11.558603,52.553604,5.6674166,1.6802173,9.692823,14.820398,18.08273,4.8904104,0.0,7.4258475,0.0,2.998467,1.2120508,2.9721906,7.9876347,16.46435,0.0,15.1605015,0.0,0.7909907,5.2604446,33.382996,6.034548,0.0,0.0,0.6367773,0.0,2.1552234,3.5458558,8.716247,1.8228201,4.059141,0.0,5.8074822,0.0,10.404323,0.0,0.88947785,3.8457732,5.608797,5.7992826,2.8473237,6.843734,0.18694186,1.4964272,0.5969745
63.jpg,18.005016,1.1496646,1.8197019,20.73139,51.32154,5.576792,0.6926548,8.735864,12.800301,7.134781,20.883938,3.9277353,7.147943,6.8908916,0.31466126,0.0,10.790988,20.131258,3.3171573,0.104765594,1.0116647,0.0,8.048872,0.042348914,9.268984,3.9947622,0.0,0.0,2.919409,4.8476753,4.352591,0.71086234,3.9360433,2.4796693,3.7640805,0.73877704,0.43362728,3.4463267,7.0498867,0.0,0.0,0.50955623,3.3384464,14.1074705,3.5528212,2.2272666,0.0,1.8407811,3.0241516
64.jpg,25.207043,4.2626905,3.443778,32.60949,47.085564,8.700043,0.6784611,8.796941,15.749678,9.421431,11.52111,6.050429,6.194435,6.8997564,1.5616875,0.0,12.813385,13.350135,1.834742,3.7251458,1.6328384,0.0,2.0250118,6.2434545,8.74103,3.359605,0.5118551,0.0,5.335858,2.3725638,7.545869,2.1030698,14.729135,4.6568217,0.60551715,7.432319,1.590487,2.551436,3.2833486,0.0,0.04111724,8.844436,3.0876591,11.738136,1.9025307,6.5457573,0.0,5.6628428,1.8560698
65.jpg,18.083893,5.132592,5.299511,13.621202,48.191547,2.9923525,2.769687,10.2586,25.909456,13.445171,2.525237,2.1380904,5.7220125,0.0,1.6096926,0.8026435,0.0,10.166971,11.848194,1.8194034,14.899824,0.0,2.5923102,3.5491846,30.358522,5.710567,0.0,0.0,2.2643077,1.1816825,1.5824407,6.871658,6.8508706,5.6289234,3.1556249,0.0,4.8834295,8.75073,10.78246,1.7650499,2.6131768,5.924638,3.0505698,5.196533,3.2671533,3.1500213,0.0,0.41474402,2.7293916
66.jpg,22.907526,2.820023,2.9194858,15.88964,42.9488,5.0466084,8.611602,5.0749435,13.883312,9.048371,24.539999,1.4660008,0.0,20.022781,7.168624,2.436128,0.0,10.020016,2.8325708,1.9124568,0.0,0.0,9.311913,4.3105316,7.0187054,2.7297537,4.148653,6.923049,2.3479314,4.8566656,1.9639108,4.30221,9.466277,5.424838,0.0,12.566084,1.2470694,0.0,0.4182106,0.0,0.0,15.41567,14.720673,5.9076786,27.825304,3.2636755,1.8313551,0.0,0.5274299
67.jpg,40.51728,0.0,0.6573137,17.214209,52.784584,1.6114563,0.0,10.515195,16.311544,9.149274,8.91785,9.861312,1.3929565,11.208407,0.0,0.0,10.28562,11.869421,5.608073,2.3899567,6.5844445,0.0,2.7503695,5.9298487,7.817724,10.823299,0.0,0.0030498952,0.17460836,0.0,3.470765,3.4277015,2.6970067,1.9451201,0.23172846,2.5189455,4.922912,8.570259,1.9104805,0.0,2.2042828,6.5960464,1.8733677,10.252817,0.0,0.062175095,1.6861207,1.6914613,0.927638
68.jpg,19.981876,0.0,3.4531817,31.946379,53.303932,1.5859905,0.30999333,5.1717167,12.854086,9.4146805,10.779671,10.225918,5.8939137,7.36611,6.0529094,0.0,0.16740337,11.2237625,5.616018,1.300514,4.142088,0.0,2.795012,5.3599267,4.3758044,16.57187,0.06729339,1.8711314,2.3835926,2.2264233,7.0828342,6.3224144,6.7642016,3.715158,0.0,1.4581212,0.0,2.3455787,3.8744733,1.3768083,0.0,3.7634816,7.3709054,6.212074,3.8276105,1.725786,0.89805835,2.7156749,0.6865334
69.jpg,13.137463,1.2188599,7.229645,21.221865,49.52056,0.0,0.0061303377,2.4963112,8.49601,17.19802,24.758102,7.5294466,5.7821474,8.364941,0.0,0.0,7.168121,17.758265,3.2212594,0.8501947,5.9466968,0.0,3.3481534,12.817921,6.1727653,4.468254,1.5238037,1.9514236,2.4975367,1.0110512,5.254797,3.2672126,8.634607,5.091931,0.0,1.7721683,3.7441518,2.1238966,0.0,0.0,0.40122,6.2646995,8.516886,6.92602,14.544782,5.264048,0.0,2.9509223,0.5752157
70.jpg,25.728052,4.6217403,1.341731,22.79785,47.362503,1.826325,0.0,4.843375,6.604083,11.767829,19.031612,2.9275694,4.90626,11.567623,6.9847717,1.5334855,2.303455,12.268458,7.2238655,0.0,4.1587644,0.0,4.2715354,5.3701825,3.889452,6.8406353,0.5218315,1.1719873,1.5512843,5.7444587,3.4209647,5.2767677,6.2428474,1.0601622,2.843829,0.0,1.4764621,0.0,2.753954,0.0,0.0,6.890306,8.06976,8.055595,9.061921,0.47837785,0.0,0.0,2.3690262
71.jpg,16.361485,4.9799657,4.4139137,29.388424,52.14967,0.0,0.0,3.4307187,14.484989,20.586308,18.269493,5.8357596,2.9368777,3.54712,0.6129487,0.0,6.8577156,16.098223,0.90627897,0.22980385,3.2643557,0.0,1.2749009,11.563221,6.986735,3.2964993,0.0,0.0,4.6800303,0.49200514,6.7088737,3.332389,9.134132,2.9595346,0.0,1.7042935,4.4961023,1.6461716,0.0,0.0,0.7341909,5.9502583,6.129964,10.717614,7.9142942,4.341465,0.0,3.815045,1.5606531
72.jpg,19.954979,0.24790247,9.334366,20.26042,55.04361,7.304019,0.0,3.1124392,9.458206,13.987154,10.997569,12.164539,1.8269374,0.0,2.719149,0.0,3.7588642,8.906637,10.178264,0.67082524,2.5434752,0.0,0.0,7.2875814,2.7196743,12.942769,0.0,1.3024983,0.9426277,1.7325118,8.1324625,6.9208665,2.5952206,2.5430343,1.8339041,0.0,0.0,1.1324635,0.5543848,2.0089664,0.0,4.946273,5.4011574,6.9691906,2.5042791,2.2478423,0.0,3.429281,2.1499817
73.jpg,25.756842,4.267313,2.332683,10.396031,43.368187,0.0,4.4127812,7.53522,12.475336,12.236858,20.745663,8.111516,26.21346,15.634044,8.4978485,0.0,9.321402,17.816856,2.2284188,0.0,0.037563592,0.0,1.6394153,0.0,0.0,4.047011,1.2871308,5.367116,0.2907518,0.0,0.0,3.8359902,1.7418733,0.0,0.0,0.029971845,0.0,0.0,7.545259,0.0,0.0,5.805372,5.317883,5.1161275,9.639194,0.0,0.0,0.0,0.045116898
74.jpg,17.341482,4.438211,0.0,28.8059,51.04159,5.047628,3.6612616,7.5777965,16.177586,12.669401,8.954214,13.195409,6.8365498,5.4300656,5.5142446,0.0,0.0,17.13809,3.7908368,3.1499538,0.0,0.0,4.2659745,11.286818,2.5705817,8.050821,0.0,4.3379197,0.9110742,4.630502,3.412213,8.563231,2.3258164,2.4845634,0.0,0.0,0.0,0.0,0.3098905,1.5339836,0.0,4.5995317,10.726284,6.2395754,6.8951225,4.0492787,0.0,6.6517687,2.7015886
75.jpg,24.874552,0.33543572,4.307759,18.555618,53.61154,5.982919,1.4796253,5.702795,25.957611,10.88561,5.055721,13.860822,4.9006267,0.0,0.0,3.87721,4.546155,14.373976,0.8477684,0.0,0.0,0.0,0.0,10.57414,0.0,10.316933,0.0,1.7564056,0.0,1.8789489,4.015344,8.100051,1.2739724,0.0,0.0,0.0,0.0,0.0,4.187364,0.8209601,0.0,1.9003404,6.830339,7.985206,3.1602702,0.0,0.0,4.7275953,0.3347993
76.jpg,17.090107,5.7385488,6.707166,23.362524,50.797684,13.196108,0.0,0.97199845,6.7099543,19.675043,10.906504,5.049414,0.0,4.0315347,0.0,0.0,3.7206974,12.952839,3.7454627,0.65579426,0.016208738,0.0,0.04054783,4.6734715,0.0,13.162324,0.18889773,0.0,4.0264497,1.1861112,4.943776,4.4797044,0.76053756,0.34664714,0.34445393,0.0,0.0,0.8974413,0.0,0.0,0.0,3.5942688,1.7078733,6.3291073,3.4900234,1.9534509,0.26536444,1.3569776,1.5955951
77.jpg,32.10622,1.2228166,0.0,22.577549,53.36973,3.2835286,0.0,4.322259,16.238901,9.076246,10.943547,12.980503,4.869123,0.0,0.0,0.0,8.418497,10.848805,6.777822,5.2161636,2.6378286,0.0,0.67748845,9.487985,7.174039,15.500498,0.018107798,0.0,1.1797734,0.0,2.746906,4.631013,8.588871,0.3943022,3.2182026,1.8754812,2.5909429,5.384674,3.7046785,0.34160316,0.0,4.047237,2.8485048,8.56142,0.0,0.17557311,0.0,2.3885586,0.0
78.jpg,24.509792,3.1621323,0.0,45.041058,43.617226,3.8571022,0.0,0.23959675,12.741809,16.120035,10.913555,12.035863,1.3408946,4.5351286,0.21205284,0.0,12.693908,12.529619,3.6186066,1.6702011,1.4871286,0.0,0.0,4.6866565,2.7001553,11.988211,1.3970484,0.631566,4.012202,0.0,2.9383826,0.0,5.9935794,0.0,0.9951646,2.6020544,0.0,2.673691,3.9249034,2.766375,0.0,2.3647044,0.0,11.916149,0.0,0.8403265,0.0,2.9926364,0.489475
79.jpg,24.71697,0.57683283,0.0,25.443823,58.565754,2.8592653,0.0,1.3225237,15.912395,8.208932,7.5963335,6.664367,2.8481927,1.0626118,4.5840306,0.0,3.7068353,12.509665,4.2986727,4.4902325,3.5541236,0.0,3.5425072,6.7854986,7.659237,5.648239,0.0,0.0,1.291292,0.0,7.3314285,7.817475,17.96403,7.1222396,0.0,3.671246,0.77321625,5.2240157,1.598676,0.0,0.0,5.993172,2.3256931,8.072392,2.974193,2.7033558,0.0,2.4947257,0.89270276
80.jpg,12.686324,10.1167965,3.3938353,29.11183,51.91576,5.1725645,0.0,0.0,17.400738,16.441784,16.073465,4.49174,0.055471808,1.8092272,1.6742448,0.0,5.8526187,9.448117,6.5495434,2.944426,0.79758114,0.0,3.2539606,9.003542,2.443767,8.7537365,0.0,0.8352285,4.3913574,5.2524676,8.876655,6.427015,1.8413465,2.2085612,0.0,0.0,0.7072894,1.732949,2.3527112,0.0,0.0,7.9943614,6.0830016,6.743723,3.4842055,3.2540567,0.0,4.382354,3.9720337
81.jpg,0.36488807,7.3950157,6.5780296,16.788675,45.695305,4.9494667,1.8060839,0.445028,28.865034,8.274295,21.324505,11.7241745,1.7019676,4.9405456,0.3673112,0.0,9.721033,14.968016,2.3413484,1.8102527,0.0,0.0,7.673709,7.7330933,8.062187,5.071231,0.27746567,2.983932,0.0,3.088251,7.681621,7.303957,5.6561255,4.721196,0.0,0.0,3.9358287,4.3868933,4.738297,0.12752134,0.0,5.9426317,10.870322,7.3865013,32.036453,2.187231,0.9350026,5.691716,4.1124873
82.jpg,23.793169,0.5408194,0.0,25.828922,54.243862,5.6871505,0.0,0.0,16.440115,11.7399025,10.066325,12.923111,0.0,0.9344015,0.0,0.0,10.02784,14.257412,7.4040914,0.8291023,4.2107396,0.0,6.3215337,12.319087,8.306645,11.780986,0.0,0.0,1.7878523,0.0,3.863192,3.7993734,4.887885,0.0,1.0408093,0.5037226,2.4290438,6.309729,0.90159893,0.7751438,0.0,3.634568,0.0,8.81601,1.5176938,0.4972074,0.0,3.2464118,1.6207505
83.jpg,17.360657,4.70445,9.373787,22.414927,47.859,7.7972674,1.9575543,0.4108371,19.21971,12.566878,14.959574,12.209291,6.7619205,2.1268363,1.8086209,0.0,5.7235403,7.963509,3.388585,1.883071,0.0,0.0,3.5965264,9.162458,6.3128414,6.8494,0.90855265,1.830502,1.6765453,2.5115492,9.52557,4.300965,8.154797,3.141292,0.0,0.0,0.0,6.497726,3.595002,0.0,0.0,6.9808474,12.02701,5.9180036,28.888453,1.2603097,3.7970397,4.5728507,1.2525029
84.jpg,24.865463,0.0,9.244433,16.791664,49.570065,10.462551,5.097159,6.6101274,13.824604,16.185028,8.357131,8.396174,10.620095,0.0,0.05642432,5.496158,2.2014904,23.310617,5.7145844,1.2566342,0.0,0.0,0.0,9.910502,3.4851472,5.0145245,0.0,1.667975,2.6848395,3.287504,1.9364197,0.0,8.0779505,3.2828715,0.0,0.0,3.456416,2.1829684,5.6921086,0.0,0.0,11.39148,11.648133,8.343971,4.3660517,6.3265877,0.0,3.7419457,3.9028492
85.jpg,28.060442,1.2253667,0.37057477,18.757603,47.103542,0.9574685,1.5951725,9.002646,9.605206,14.106521,14.895044,5.291683,4.763323,2.0574076,2.538377,0.0,7.2160015,9.193081,16.554914,0.0,22.525818,1.2106658,6.4187512,3.0033782,28.323212,7.6303124,0.0,0.0,0.50343615,0.0,6.222825,11.592382,0.60237813,3.6477842,5.189377,0.0,4.7943363,4.3020725,9.4529915,0.0,0.0,3.4593828,3.3923812,5.4353724,1.9190557,1.4566958,5.675838,1.3447584,0.17002909
86.jpg,23.511766,0.0,14.948002,13.284716,43.33765,16.046957,2.002851,9.45843,8.117886,18.285252,7.6417365,13.376397,16.488583,3.2845433,0.0,0.7856178,0.91799164,18.217976,4.7039638,1.0924315,0.0,0.0,0.0,13.431583,0.0,17.319723,2.379067,4.911849,5.5813375,2.393358,1.980376,0.0,0.0,0.0,0.0,0.0,4.840683,2.3129122,4.9707613,4.714296,3.1223328,7.7769585,12.404071,8.931062,2.364384,4.738078,0.0,0.0,2.5376308
87.jpg,30.78262,10.688453,0.0,21.735357,50.023823,4.366926,0.0,10.368271,15.741672,13.282366,13.214191,0.83583,5.655384,0.23603979,0.64681154,0.12446996,7.7773557,13.336775,13.895872,0.0,9.944457,0.0,2.5140903,3.021721,18.270252,4.001792,0.0,0.0,1.3513237,2.279497,2.4878964,4.686343,9.240402,1.7324364,6.1966114,0.0,0.46832132,2.348876,6.276968,0.0,0.0,4.4003143,1.9537544,9.12355,2.3051302,2.2163355,0.0,1.3151712,2.3537
88.jpg,26.426367,4.946869,6.880644,14.079552,47.397144,3.8202598,3.8736522,8.544,16.897585,20.726334,1.3525141,0.67204684,8.977805,0.0,3.0388236,1.335584,0.0,10.737462,13.305053,0.0,9.669408,0.0,0.0,0.09163208,25.410145,3.549113,1.4721525,0.50653356,4.1103606,0.0,0.0,0.21692067,1.8554572,0.0,1.5846409,0.0,1.5027043,1.0762634,8.143827,0.0,0.0,8.025755,4.527386,5.9146104,5.1388383,3.8024924,0.0,0.0,0.93841517
89.jpg,20.306877,0.0,4.214091,15.772287,52.10849,9.982707,1.6063381,9.152232,7.897029,13.953522,17.364918,15.889214,3.284661,6.7522497,2.1024895,0.0,0.33703968,14.389178,8.552953,0.0,5.2714386,0.0,3.3762417,6.3609304,4.558753,10.219038,0.0,0.12755188,4.718314,0.0,2.8730066,2.5850003,2.10938,1.3478307,0.0,0.0,2.2232568,0.0,0.0,0.0,0.0,5.983408,5.406854,8.334901,5.0700717,4.454298,0.0,0.63539463,1.2176741
90.jpg,9.692854,0.99164826,0.0,21.433506,43.574947,8.595445,7.9413095,0.0,18.27155,4.0031857,31.31683,11.730955,10.671122,19.799501,0.0,4.36903,12.517078,24.885605,0.8444026,0.0,0.0,0.34446734,6.1480203,4.3379517,5.1710396,8.224649,0.14027637,5.286658,0.0,2.7896552,2.241477,12.435015,4.811058,3.5206277,0.0,0.0,0.0,0.0,5.8500667,1.3287461,0.0,2.5337164,8.375819,3.803093,35.84267,0.0,1.7517306,6.5488734,2.0405467
91.jpg,12.693802,9.738541,11.567073,39.800186,34.369614,8.590333,0.0,8.43708,8.407155,17.818365,23.414902,3.5151987,5.8889227,14.896957,3.5539255,0.0,10.85173,11.060481,5.7506433,0.0,4.837931,0.0,2.295435,6.980838,12.171322,1.6538303,0.14771372,1.5891612,6.4572625,7.6386585,9.040887,1.0657282,2.4738486,0.0,4.463454,2.6912565,3.9619367,0.0,6.539395,0.0,1.918962,6.2314672,0.8511737,12.581235,4.659981,2.2260253,0.7681221,4.1455054,5.3503504
92.jpg,19.79447,0.0,3.6315322,25.853195,54.126297,5.681591,1.855122,7.0280104,13.092737,14.065754,11.671858,9.360802,4.223635,0.0,1.9022269,0.0,2.0983396,9.799214,4.364977,0.7799629,7.054019,0.0,1.1966801,8.134455,4.468487,1.7891738,0.0,0.0,1.3001808,2.689518,10.916831,7.3282995,7.58365,4.7531204,0.0,0.0,0.0,1.0753976,0.34585315,0.0,0.0,6.393708,10.344562,5.286764,7.7139335,3.3441267,1.5904576,4.435541,0.0
93.jpg,19.604374,6.1150913,13.527732,30.540583,44.073887,7.634461,0.0,4.994969,11.477452,14.304407,13.976544,10.788933,0.0,3.4875557,1.664156,0.0,16.32424,12.395009,2.015676,0.0,0.21664202,0.0,1.4862778,11.247547,3.2246747,6.4104567,0.6330372,0.0,4.907719,1.6913748,6.6741734,4.5441947,4.343964,0.0,2.290061,4.005337,0.5376485,3.904801,2.3665967,0.0,1.821664,8.790863,4.315,14.200764,3.693337,4.740416,2.0339851,4.6813273,1.8263857
94.jpg,22.09143,5.398874,1.6670191,18.620464,52.113415,4.632745,0.0,7.315323,15.417427,14.469549,8.575421,0.0,6.0590243,0.037497934,4.234673,1.9280095,1.1216935,8.087454,17.804712,0.12512691,22.890594,0.0,3.317297,6.4350157,33.226673,4.5900717,0.0,0.0,3.8289695,1.8198649,3.6834307,5.2938786,6.2749944,4.343451,1.3669517,0.0,4.0643578,2.0983436,6.7523317,0.0,2.8337007,4.92648,5.4644017,6.459702,3.3035092,5.3564777,0.40286905,2.4929545,3.6698997
95.jpg,14.821174,9.069094,7.5887637,13.847394,50.916256,6.0703177,2.8901744,7.316588,28.381561,16.32346,18.10256,11.833131,4.5380106,7.3619947,3.82825,0.0,4.7121353,11.659187,8.717808,0.0,8.13749,0.0,11.611354,8.019185,11.536188,3.1462615,0.0,0.0,2.6939557,3.8531072,8.215221,6.8798513,7.1060867,3.6289594,0.0,0.0,4.773536,1.1147596,3.9161007,0.0,1.7991556,6.814035,7.389769,7.806922,13.595324,1.007552,0.0,1.519424,2.3677201
96.jpg,32.578423,8.094157,3.916762,27.689207,46.517715,8.220157,9.4093685,12.514276,13.60525,9.023042,15.2357,8.580989,3.4000297,2.1363366,2.3648713,0.0,12.593564,5.6290765,3.1563516,0.0,0.8270999,0.0,4.4636655,6.2011485,8.759023,1.7461935,0.09821043,0.0,2.8858569,2.559051,9.943104,7.04848,6.514858,0.0,0.42891082,3.9296389,0.0,0.0,7.4043217,0.0,0.0,9.216776,5.173203,8.633489,3.1489968,3.6232324,5.344721,2.6200256,0.31826234
97.jpg,24.348146,1.1487296,2.1407995,18.446226,47.915695,2.8629236,1.7275658,2.894732,15.853069,13.817761,13.904163,10.909736,14.533934,3.0603383,0.0,0.9417094,7.399216,25.100895,8.222813,4.2892575,4.4433026,0.0,0.07149782,2.581144,0.0,13.748736,2.563927,8.582914,2.3907762,2.1252859,5.9790626,1.1909736,0.0,0.5754131,0.0,1.8472321,0.0,0.0,7.071449,4.380434,0.0,4.433539,5.6141186,5.7575793,6.64213,3.3612409,0.0,2.4527557,1.7475717
98.jpg,24.213764,0.5243048,3.0096025,31.06922,49.73806,9.936028,4.432699,9.328252,11.225907,14.55201,9.234989,4.724402,5.5270424,0.0,3.7054248,1.9551353,8.546825,14.444174,1.6066852,0.0,0.8218591,0.0,0.47415686,7.0597186,7.405229,0.5730411,0.0,0.0,1.1676842,2.6321566,4.9263916,5.784784,12.550809,1.79447,1.4334397,1.5209136,0.0,0.0,4.6519203,0.0,0.0,6.0030527,6.632764,9.969707,3.0521839,3.215947,0.0,3.3366828,0.47566706
99.jpg,26.118666,0.9965118,0.0,11.75116,46.1283,25.368797,4.9680285,10.237126,5.413415,4.729701,17.517025,4.845513,7.32089,1.4972165,6.747056,1.5352417,4.105248,11.191575,14.788431,0.31523034,12.139213,0.0,6.517516,5.502387,29.00781,3.6440194,0.0,3.742002,1.3909457,0.26076528,0.51330245,8.843263,2.4855912,5.377678,3.3437226,0.0,2.674183,1.5935006,9.446189,2.0220633,0.0,9.184621,4.015472,4.4289947,2.1503682,0.19782586,3.2696934,2.298243,3.2428973
