0,1,2,3,4,5,6,7,8,9,10,11,12,13,14,15,16,17,18,19,20,21,22,23,24,25,26,27,28,29,30,31,32,33,34,35,36,37,38,39,40,41,42,43,44,45,46,47,48
8.935671,5.895501,8.540863,0.0,1.3508011,16.040451,2.904003,18.919973,4.9391456,0.0,27.904118,8.267229,16.983728,6.327597,23.011824,0.014670193,12.38873,15.477151,5.160304,0.47893524,1.3695365,2.3653624,7.372296,0.0,4.5828223,3.987829,4.278034,7.6586843,8.841295,9.278438,7.656545,10.096481,3.4883716,4.1017547,0.45654196,1.9494613,0.0,2.5414302,9.288258,0.0,0.15039183,6.2937565,2.8163567,3.4556427,0.0,0.8925145,2.4251082,1.2486687,8.520679
7.3934646,0.0,6.568409,0.0,5.993142,10.00395,5.7938576,16.734568,6.68864,0.0,30.483665,9.330682,15.644233,4.2723494,5.615808,0.0,11.935141,16.622444,4.2146707,1.2764571,0.65225995,6.789194,12.021103,1.3076729,2.8721788,8.735841,4.138942,5.208199,5.4604445,3.1961865,7.1642385,13.794011,5.1285086,7.1335406,0.0,0.0,0.0,5.5302544,8.846025,2.7326722,1.2173944,7.9823995,3.1506658,6.670431,0.11738832,2.7218573,3.0772896,0.85833055,8.141573
17.775034,0.0,6.059312,8.873669,6.0030856,8.288184,2.888214,17.08294,10.5529375,0.9528801,22.336653,14.0179205,18.489937,11.531213,4.767913,2.1808612,5.8637805,15.88733,6.9199295,0.0,2.8542004,2.4071918,13.598249,1.8931829,2.8375363,5.8164434,3.9956305,6.162586,7.5242176,12.172716,4.0703726,9.284652,8.131708,3.4121816,0.0,0.0,1.7090374,3.2833562,10.545832,0.58478713,0.0,8.490992,10.907121,10.809508,0.0,3.6460452,1.7455266,0.0,5.940575
1.0319992,0.0,18.19498,0.0,0.637313,8.631812,0.7512402,15.446991,3.4770818,0.0,24.337854,12.540876,17.261345,5.457726,5.846818,0.0,9.669343,13.592251,7.769055,1.9485726,9.985142,4.9348903,6.616647,1.2588391,2.1665244,7.568942,3.3309772,5.5824003,5.0303316,4.4807763,8.919172,13.848946,6.0854936,7.048078,0.0,0.0,0.0,3.9381094,6.9473095,0.7208679,1.3846289,6.4459724,1.2593627,5.549992,0.0,1.5593387,2.1254334,0.35987854,8.272038
26.619663,0.0,0.0,5.366964,1.7717354,5.540655,0.9681733,11.715662,5.3613095,0.0,17.371851,9.534677,23.335188,4.693108,10.846429,2.212051,7.3766017,19.953676,1.495335,3.1943455,0.50832236,5.1519895,17.414446,5.5934353,0.0,0.89947253,8.243469,5.6696815,12.6816435,8.0448475,0.45701218,10.492347,3.6536748,5.2397957,0.0,0.0,0.0,0.0,3.7829928,1.309581,0.0,9.875528,2.8850768,0.0,0.0,2.3040037,1.0633932,0.16097185,5.7198634
20.823803,0.0,0.0,4.2395325,15.676531,3.4660969,1.7764105,5.86173,4.1297054,1.4562178,10.056613,4.212181,25.442383,4.8450923,12.367386,1.1376734,0.0,34.28809,9.308952,2.5378284,0.0,0.0,19.298143,0.0,8.182288,3.8098183,3.5660617,2.8904145,5.9632,7.458957,0.0,6.555825,0.0,7.6284604,0.0,0.0,2.9295535,0.0,5.925984,4.446985,0.9308394,2.3742518,0.40274206,5.0061646,0.0,0.0,1.208383,0.0,5.769485
17.785315,0.0,0.0,5.6760573,9.983066,5.864996,1.9980725,10.366062,8.10186,1.8276237,21.573288,7.560564,28.457891,5.6096683,13.646362,3.376162,4.002817,35.710873,3.8336434,1.674144,0.0,0.0,18.462414,2.3005285,6.88977,2.4543128,1.136517,5.9979496,13.585379,5.008627,3.188067,16.865116,3.3685799,10.321617,0.0,0.0,2.9664307,0.09198613,6.6881657,2.6752229,0.9650764,5.528467,5.2844515,5.9084406,0.0,0.0,3.0827253,1.99585,3.3462844
20.11307,0.0,0.0,6.048726,11.249564,7.802163,3.7052274,17.452715,11.224723,0.0,12.995047,4.7291255,24.02584,1.4959564,5.1832013,6.0199747,5.5718703,31.51118,6.8810754,0.7508531,0.0,3.6351898,21.480856,1.9434395,3.937824,10.562336,3.8560026,1.6375996,7.905829,9.411108,0.0,16.820032,5.923589,10.759697,0.0,0.0,1.39687,3.3472154,8.979967,5.874248,0.0,7.2290077,5.159464,4.6065106,0.0,0.0,3.775528,0.24307278,5.9408536
33.3473,0.0,0.5331064,0.0,13.398274,15.330426,6.4926043,3.2778442,17.060402,2.338777,3.3700843,0.0,12.624132,1.4338852,7.5031652,18.314457,3.87662,26.462715,0.48077142,18.979437,5.7323527,4.6383505,2.9171932,2.148285,9.115148,7.4591527,4.020542,1.1435742,7.9532375,9.518073,4.401984,12.777699,4.8292136,10.9424515,3.9241958,0.9144725,4.3902245,4.864467,3.5274127,4.4204497,4.764173,8.062847,4.84925,7.658296,0.0,0.0,3.0328934,0.0,6.5583377
47.88798,0.5406458,0.87502825,0.0,6.5935245,0.0,8.453326,11.282143,4.223998,0.93790555,10.407479,4.7114487,24.204592,3.6491492,0.0,10.039671,8.70104,22.828207,0.99730325,3.0553792,4.6802535,0.0,13.646345,2.441831,4.4366555,0.45839754,4.8979416,3.062706,7.3585763,3.3177338,1.3479749,5.501822,1.1113722,0.15875241,0.0,1.287084,3.0388362,0.0,9.4794235,4.138521,1.8953869,8.854647,4.6892824,3.422343,0.0,4.9142947,2.995115,1.4184264,2.4832056
28.538462,0.0,0.0,0.0,3.2216206,2.7239335,0.0,27.269012,8.555215,0.0,22.028551,8.12871,16.373404,6.641634,29.256973,3.9702735,4.5080476,12.172434,3.1368918,8.68086,1.104505,0.0,17.150543,3.963473,1.8440254,7.508156,3.5953934,8.386841,13.025234,10.751482,3.159005,12.54966,0.3024174,7.8549237,0.0,0.0,0.0,5.081874,2.959093,1.8877838,1.8849695,5.7996984,1.7636418,5.6935563,0.0,0.0,2.606596,1.4518476,9.923649
19.630795,0.0,0.3820848,3.1571977,6.5526166,4.8552217,1.9937849,11.18731,8.336968,0.0,15.916051,12.369059,25.516218,5.0001965,12.6441345,8.515925,1.5357813,24.63077,8.775549,6.7097754,6.0841985,0.0,22.596165,5.1899486,7.093742,5.5649476,0.0,7.605379,9.006544,5.550315,4.6112857,11.232177,7.786475,7.751646,0.0,0.0,3.5741568,2.7236967,2.6198235,1.8869933,4.9032097,3.6338062,9.044285,6.8702416,0.0,0.0,3.65851,0.0,4.3676496
20.148397,1.2228078,1.0777138,0.0,8.284751,14.110701,4.0187726,22.906437,6.291792,0.0,18.122522,5.2820196,18.241825,0.15490018,6.420933,3.976579,8.955195,12.884415,8.745827,6.985818,2.8406925,0.48747528,6.3926444,4.103726,4.593947,5.6136003,0.0,4.0059304,13.932604,4.8808374,2.7165658,6.7673473,0.63582015,2.3735826,1.6741474,5.407725,0.0,3.2624013,7.3900514,0.3238635,0.0,9.025681,4.5844107,5.89775,0.0,0.0,3.6384544,0.3148769,6.2002215
23.044477,0.0,18.614092,10.960693,8.807442,5.2198944,15.355169,2.5472999,10.8454485,17.816216,11.653193,24.56857,5.507896,3.0622873,10.039431,13.610977,4.936069,16.267721,10.384851,8.34531,8.150757,5.694886,1.9622074,0.0,5.1934443,10.404544,12.405745,5.4632096,17.68066,2.2446637,2.452817,4.9502916,1.6357964,5.0959997,0.5856742,0.0,5.8934026,0.0,3.1484578,5.169265,9.045276,1.7900851,3.1248064,4.6128144,7.977867,2.2178044,3.6862407,5.706632,8.300729
11.733883,0.0,0.0,32.818012,16.115395,3.1677842,8.289465,13.214586,15.6387615,5.044076,20.650774,10.763079,1.2062294,3.9392645,9.841489,0.0,1.5259662,16.746328,7.628588,7.8571515,3.5597775,7.6111474,18.167963,4.253488,0.0,1.0712528,2.6991117,5.0403433,8.033183,2.2459364,2.0917351,17.60299,0.0,9.915316,0.0,7.918173,2.5530796,1.4253436,0.034632534,0.0,1.4226553,3.65586,0.2024896,0.68362874,0.5609667,0.0,2.5518618,5.31636,6.504146
29.978912,0.0,0.0,4.542767,7.7820525,4.19095,4.4945455,26.07488,10.603703,0.0,18.877361,12.842011,18.130302,3.5499718,2.8385015,1.9746602,13.928397,22.641098,3.1603496,0.0,0.0,6.426835,4.871861,1.3085082,0.0,8.502444,3.7924237,4.771508,10.096604,3.9008834,0.8068912,15.141642,3.4742548,4.0812297,0.0,0.0,0.0,1.0212038,8.653132,0.3369418,0.0,7.375726,5.7479744,4.286273,0.0,0.0,3.415923,0.0,5.556635
16.412691,0.0,12.653295,19.251568,1.258266,10.270012,17.529276,6.1224,4.768387,28.329247,15.394449,24.112343,8.7763195,3.4203746,3.7214353,1.499992,0.8804833,11.475624,4.4897294,12.232712,0.0,1.5357575,7.783295,0.0,0.058759794,2.163499,6.16322,0.0,10.611478,2.4417531,0.0,5.975554,6.966529,4.4723706,0.0,0.0,4.0314417,0.0,1.2599686,0.0,5.2900724,4.365755,0.0,5.244806,1.7788056,0.0,0.0,0.0,2.7386081
14.842686,15.460022,5.3798537,3.0461946,10.423792,4.6981573,9.140388,4.284609,5.922738,12.335142,8.692043,1.1603963,11.498637,4.326416,43.434605,0.0,3.4702592,11.239787,5.838234,0.72444856,2.6830714,11.848657,5.628757,0.0,6.8693733,12.97344,4.7629876,0.63857913,10.133104,22.6941,0.15903893,14.073735,10.321786,11.917647,0.0,1.4087368,0.0,8.703948,3.2777429,4.036225,1.8664869,5.7189856,0.0,4.3177443,0.0,0.0,1.8001653,0.8598837,6.6454835
20.085962,0.0,1.2730777,6.628117,16.759624,6.0853057,6.9810286,0.3079401,13.596986,5.049296,5.671528,8.220246,7.762465,1.6677413,8.562015,6.8091564,9.346453,18.647902,2.9379077,2.340204,2.0742474,9.044007,5.267387,4.2232494,4.1631675,11.20198,6.826859,0.0,5.3461313,1.1649846,2.7185392,16.38166,10.790232,9.253128,2.699519,0.0,1.2601688,5.6864614,0.0,1.5258679,0.19652414,6.2069907,0.0,5.666887,0.0,10.364784,5.644434,0.0,0.06313361
17.66423,0.0,2.6485198,3.5932596,19.699503,4.373638,8.293987,2.5429049,13.681473,2.5403001,2.2127569,0.0,18.502245,0.0,13.564277,0.0,5.9708586,21.692137,6.6198006,0.0,4.0991673,16.068474,1.185925,0.0,3.0081306,11.146121,0.0,0.0,5.0541925,5.374472,8.043668,20.317905,8.229807,13.126193,0.0,0.0,0.0,9.470103,2.3525481,5.484992,2.2224493,6.589669,0.0,7.3177853,0.0,0.0,6.444852,0.0,1.3565779
22.747416,4.4855194,0.0,5.7450066,20.340069,0.8897614,8.307396,0.3318207,9.220822,13.925788,0.0,0.0,15.302345,0.0,11.59174,2.7476323,1.0300813,24.19349,2.4122958,5.378299,3.9664547,0.0,0.0,0.0,15.410238,7.106548,0.0,0.009975303,1.3408244,5.2628055,5.0704536,11.519627,5.044112,10.424691,0.0,6.71826,2.2412522,0.0,2.9048414,5.5806065,0.0575562,4.7287626,2.3552294,5.103831,6.630809,0.0,4.1832156,5.5297456,13.665154
15.335769,3.6926537,0.0,3.346169,13.44533,15.536613,7.3570967,7.855764,10.097383,0.0,12.424246,3.945021,18.351515,3.20269,9.759342,1.0640435,9.886892,26.425674,7.269751,1.1119796,0.0,6.592898,21.934023,1.7378793,6.6039114,14.729257,1.7976096,0.0,4.417062,5.400216,0.59923977,16.47134,10.556622,11.519719,0.0,0.0,3.0724201,3.444275,7.8789754,4.9118733,0.0,2.960037,1.1364857,8.40992,0.0,3.212586,4.1652446,0.0,5.696212
13.959063,9.074952,16.300486,32.24525,0.0,14.405799,13.307792,11.098526,0.0,30.340607,17.878859,9.647606,2.1508534,14.198006,7.811088,0.0,2.5737357,5.1407948,3.4073205,1.9893458,0.0,4.1995983,12.03459,0.0,0.0,1.5362042,1.6874847,0.0,4.541638,6.8995066,0.24794033,0.42892826,9.762026,1.8521886,0.0,0.0,5.6374354,0.0,2.2138176,0.0,1.4606999,1.7916325,1.2770433,4.664801,10.10273,0.5173607,0.0,0.0,2.6355028
0.55470943,0.63477176,0.0,19.319296,17.510948,6.14942,13.099986,7.490871,11.377868,2.270045,29.283052,10.190337,6.7357078,6.7805586,8.629675,0.0,7.9065723,22.91022,5.919403,4.4089766,2.410975,8.91983,6.9063306,0.0,3.9044924,4.7963676,1.2374072,3.6248074,6.962703,0.0,10.838447,20.35453,2.1378853,13.989845,0.0,9.237914,0.0,0.59084576,4.4395623,0.0,3.0962665,7.9865775,0.0,5.17206,1.3020009,5.544079,4.1513796,4.9112105,2.368731
3.7846475,5.2293673,0.0,8.825384,17.75553,2.9918787,9.578857,15.625544,12.137873,0.0,30.066664,6.1700344,5.223306,6.570977,10.35624,0.0,7.0022607,23.051598,6.763919,5.6064696,4.32949,6.9166794,7.085085,0.0,5.295005,6.7484303,4.820799,5.7698545,9.680539,0.0,6.96292,20.679068,2.507413,15.369193,0.0,7.122192,0.0,0.0,5.391085,0.0,5.424017,11.5960245,0.0,5.143272,0.7528901,6.3688927,3.7447698,3.938914,2.7421453
16.786226,0.0,0.0,0.0,3.1496954,6.1921425,7.522516,6.723377,11.661816,0.0,18.1428,10.253047,15.445678,7.997939,25.054276,5.9519424,10.461659,24.270094,0.37722552,10.134929,6.168668,6.563238,4.3280845,0.0,1.1244327,1.9623656,10.477865,1.8031988,20.328243,10.422208,6.489143,13.515117,3.1473496,12.229295,1.4059132,1.9387625,0.0,1.2587503,0.0,2.7436273,2.6881247,5.453798,0.0,2.9474912,0.40775672,6.593879,1.4078176,3.9648824,7.6402187
6.4971642,0.86410415,17.187046,23.183989,5.0170755,9.820797,11.061619,7.0694556,2.620719,29.603899,22.932343,15.853278,2.7776859,4.7779536,6.1459713,0.0,0.0,9.103794,3.5501723,3.9547591,4.841941,0.16766182,15.676787,0.13137543,0.0,11.213734,0.0,1.3873281,11.661002,0.2692271,0.0,5.6839023,2.9260035,3.6132426,0.0,0.0,0.0,0.0,0.0,0.0,7.2154493,0.25229436,3.7347345,4.694712,0.7872559,0.97504926,0.0,0.0,2.208586
15.06181,3.0571842,1.5966047,6.260132,22.064907,0.6802504,5.3118615,1.9377183,13.979302,6.954182,10.457401,2.4527245,12.862548,0.60773206,5.5829153,0.92631394,18.132874,24.11683,2.786576,4.502625,0.0,13.431044,1.1754526,0.0,6.4176536,11.797485,4.9613056,0.0,0.5483471,4.3291407,0.6133715,23.260153,10.436835,11.095209,0.0,0.0,5.047324,0.594489,3.9091222,4.850046,0.5473364,9.385475,0.0,1.558681,0.0,1.0063313,8.757698,0.08099796,3.3237338
9.231996,5.2981434,15.103451,22.084908,0.19806194,5.911277,5.154241,13.144369,0.51993465,25.9512,15.991749,10.768667,14.153239,1.023682,9.464644,1.4562911,3.4450254,15.621212,9.170776,0.8988773,0.0,5.4232926,10.288254,0.74240166,3.51666,10.3154545,1.0672355,0.3993012,14.410417,4.644408,0.0,3.9825559,2.0840526,3.2060444,1.1041882,0.0,6.581261,0.0,3.475633,3.0078433,4.325461,1.206595,6.2458954,9.202203,2.159953,0.5057456,0.7799157,0.0,7.1540465
9.637799,18.22468,13.265721,24.931973,3.0073082,7.3827753,15.103648,0.89341176,0.0,32.1657,23.424074,21.1789,5.1624804,3.0033097,12.554622,3.2124765,2.4077225,5.8940134,5.117945,0.0,1.8654745,3.6066203,10.639048,2.4765825,0.0,1.2889626,6.5942383,3.239749,3.6979628,2.684308,0.0,0.0,6.8582416,0.0,0.0,0.0,2.9038706,0.0,0.6451779,0.0,2.496003,2.9496686,1.3595799,4.303892,11.654683,1.2415177,1.8566879,0.0,3.039494
13.018028,2.5263877,17.068583,22.530342,2.0391343,16.204302,11.080892,10.696809,1.3711737,40.512554,16.774275,19.43217,1.7779258,4.631983,8.730431,12.945479,0.0,5.4974613,2.042652,2.4213684,0.5680513,0.37709957,17.069939,7.6899104,4.0655246,3.3573377,3.3032458,2.72271,5.7116866,1.3532058,0.0,0.0,4.548383,0.0,0.0,0.0,0.0,0.0,0.9089988,0.0,7.042845,1.4855391,7.388006,1.8061354,8.317698,3.1095543,0.0,0.0,3.3259776
6.7324595,23.916204,16.01468,17.381996,1.6223986,12.316294,10.025107,6.690787,0.0,34.491425,18.086718,12.439989,6.0963545,2.8518806,9.546735,0.0,3.4083784,8.006557,5.1568837,0.0,4.3904414,3.5578933,6.645003,0.0,0.0,3.1948256,1.3343745,3.7906103,4.1869183,5.6956387,0.0,0.0,5.023736,0.0,0.0,0.0,0.7978386,0.0,0.0,0.0,3.5306826,2.2818239,2.5614657,2.8163292,7.33874,2.621234,0.0,0.0,2.3325737
18.685022,16.003801,24.970745,20.561321,0.0,27.522331,23.039862,9.574787,0.0,26.978296,8.341243,13.873564,0.21707751,8.496535,2.4336402,12.770802,3.5632188,6.274752,7.1549945,1.159784,3.4159071,7.9253964,4.931544,0.0,0.0,0.0,7.3497047,2.8404524,4.7384005,4.094157,0.0,0.0,9.613166,0.0,0.0,0.0,0.0,0.0,6.0997763,0.0,0.0,3.0780237,4.672583,5.938827,5.114249,1.9166529,0.0,0.0,2.533457
1.1604635,0.23985966,26.029491,4.960046,4.6348004,12.218954,0.054985054,3.5181909,0.70702285,23.51676,26.288193,24.475508,2.0874317,5.9766626,14.815444,1.8297291,7.0141153,15.298838,4.0653186,2.4823887,2.2561305,2.2954388,11.660894,0.0,3.9695375,10.970951,0.0,4.9338512,12.634362,5.6043158,3.9194145,5.373917,2.9363317,5.472098,1.4867797,3.1184864,5.4226303,0.0,0.0,0.0,23.118074,0.49712434,2.5113406,6.061555,11.024221,0.9276589,2.4421966,1.3567576,7.9866557
19.982336,2.4119313,0.0,10.741117,0.0,9.786985,11.7725525,13.306147,1.9844465,13.276742,18.522799,24.306694,7.0240393,9.952269,10.319182,4.389231,3.0924146,11.344156,6.4096303,2.9631789,0.0,4.7552223,15.889043,3.7298717,1.0292516,2.4854176,4.51195,2.980339,8.886008,6.8290668,0.0,7.150214,6.2683916,1.2845471,0.0,0.0,0.43306696,0.0,0.0,0.0,17.782698,1.3639436,0.0,5.5884423,3.401465,0.2652226,0.0,0.0,6.792096
5.257747,0.0,22.165817,15.503396,6.354594,0.19908445,2.2264097,0.0,0.0,42.773186,9.115511,14.358735,6.874776,1.9095117,11.0581,5.1347775,0.0,11.2578745,1.4855398,5.8273973,0.0,1.0713385,4.980846,0.0,2.420683,9.346292,1.5576134,5.105753,7.6223006,3.1485431,4.216043,2.978817,6.6127157,6.7663283,0.0,0.0,6.6521406,0.0,0.0,0.0,33.349106,0.056709234,1.2152503,6.6557093,3.8043406,0.0,2.4918385,0.0,3.021064
11.5383215,0.7908667,14.4112215,15.140806,0.64921886,11.13073,8.4478855,2.9431782,0.0,24.746695,21.424599,23.42595,6.008844,5.1043687,12.92606,2.224552,0.0,15.281855,2.8313074,0.0,1.003028,4.6058836,8.470318,2.870904,0.0,5.4038415,0.8813489,3.1221807,8.739449,7.6690016,0.0,4.8219438,6.133281,1.9549674,0.0,0.0,0.0,0.5921796,0.0,0.0,21.16563,0.0,0.7656079,4.2705784,7.39628,0.5569282,1.1053327,0.80809414,5.484007
16.975504,4.2131653,2.776629,4.449843,9.73556,7.755188,22.066189,10.502044,7.3937244,0.0,24.53388,15.478499,5.2517323,3.2334664,5.298152,0.0,7.9028187,13.127162,9.126419,8.290999,12.078018,2.1454215,11.441481,0.0,1.5573688,3.78898,4.196694,1.8612612,11.527228,5.8909154,5.6658688,14.611199,8.419377,7.6911607,0.0,0.0,0.0,0.0,2.4663365,3.7297084,0.0,12.467659,0.0,6.720303,2.9011586,0.4012419,0.031407572,3.4957085,3.6292539
5.9724116,0.0,9.277703,11.525677,9.204752,5.8236103,26.773628,8.487394,10.411745,4.0509167,25.670448,13.772207,0.0,6.9563494,5.3104324,0.0,3.1089563,9.442637,3.276325,4.169695,23.544323,6.4920673,5.0729795,0.0,2.6640987,2.0843165,2.7643816,5.766318,10.647152,0.0,0.6403835,7.1254835,3.8129501,3.1870046,0.0,1.5763322,0.0,0.0,1.8496163,1.3369123,0.0,11.260518,0.0,7.951441,8.380534,1.1636902,1.0850027,5.2123785,3.5705884
16.773094,2.423132,26.147438,22.636812,0.0,14.832619,13.131642,1.3877875,2.2824013,35.157803,14.985168,17.396822,6.510701,1.8263621,1.7709732,18.169113,3.2450013,7.677047,0.0,1.6111305,2.5882258,0.51324904,9.192271,0.0,0.0,6.389492,9.955804,7.734749,4.9269023,0.0,0.0,0.30520484,4.1379695,0.0,0.0,0.0,0.0,0.0,6.7940617,0.0,3.2023604,2.6807985,2.3824923,3.5376172,8.621231,3.9848468,0.0,2.7993402,0.0
18.840078,0.0,11.384215,30.029587,0.0,10.396319,10.000254,6.190006,0.0,29.333765,15.440729,23.798801,10.21179,8.758462,3.8861065,2.6543443,1.542227,16.049232,1.6639717,6.434385,0.0,3.5513651,10.322276,0.0,0.0,4.9515324,5.8325014,2.5720873,8.379134,0.0,0.0,7.467,9.926457,7.7809243,0.0,0.0,5.839171,0.0,1.5694059,0.0,3.7652977,3.669454,3.6340623,5.511903,6.539322,0.0,1.4823396,0.0,5.8377876
12.230657,15.253451,6.388819,31.475874,2.1921732,7.092294,12.685497,3.2970831,1.7904713,29.221176,7.7236013,15.821701,9.158991,0.0,6.3461065,1.3842821,0.0,8.437537,1.9228086,4.236362,0.0,8.2019615,8.371645,0.0,2.760633,10.104293,6.9136753,2.8885837,12.468883,0.0,0.0,3.688556,9.347991,4.3722186,0.0,0.0,6.563376,0.0,4.405953,3.0296288,7.681746,7.3940926,0.0,6.5601773,2.6616938,9.129611,2.6069274,0.0,5.712057
11.067419,0.63361484,2.406051,20.878845,4.8368745,5.100849,5.356557,6.9577074,8.253858,21.35742,21.080524,18.25698,0.0,11.101862,6.630802,0.0,6.6689434,13.713858,5.152947,12.670612,2.6456368,1.9658372,4.667518,0.0,1.9472368,11.087287,3.2343202,3.9651594,8.522593,1.483169,0.0,3.6046002,2.7183886,5.7701273,0.0,1.0136087,8.188277,0.0,4.1184783,1.3202405,5.020262,8.189234,1.3842361,8.173862,5.937335,1.7658137,0.56875825,3.3137267,5.1997457
7.8145003,8.335212,14.174212,11.334226,7.050617,6.839213,4.7428565,7.5689464,0.0,21.016178,26.786411,15.339251,10.093657,11.662022,12.875737,0.0,0.0,11.652253,5.680159,5.775877,0.0,0.0,4.6029816,0.91269183,1.4765797,7.3675685,0.0,4.4246526,9.03721,3.1789358,1.1920122,1.0494725,6.762991,4.772664,0.0,0.0,1.1452899,2.2910268,0.74483615,1.0048681,10.371667,3.048091,1.4164438,4.326838,2.0991385,1.7130032,0.97203505,0.0,4.813144
5.1611195,0.07827534,8.662881,0.84872925,11.3602705,6.8796453,6.793891,5.844149,3.3433611,8.047454,20.420786,2.6308048,15.068786,4.4300756,20.923796,0.71328,7.3128896,20.40188,8.114527,3.403285,11.221394,7.6864333,5.638488,0.0,6.3785596,13.471476,0.0,0.0,9.634707,10.764729,4.073161,15.492633,11.503342,12.701206,0.0,0.0,0.0,6.298612,2.9137912,0.44276583,1.2919074,3.8949995,0.0,6.4547205,0.0,1.7279062,2.9978714,0.0,4.110918
8.711647,2.2008643,9.4457,9.48198,4.9920464,18.94575,16.613964,23.687906,7.188771,1.6550394,25.12589,18.723202,4.3171144,4.6822453,15.467593,0.0,4.991662,5.6414213,5.546691,0.89029443,7.409938,5.8330746,11.281279,2.1490223,0.0,0.3541848,0.0,2.2387257,13.119437,0.0,6.3097587,9.880732,0.91795856,2.2359154,0.0,0.0,0.0,2.6877406,2.5633237,0.0,0.0,5.6074715,0.50062954,3.336379,2.5809062,1.8730739,0.0,1.9995726,0.0
4.916397,6.8477764,3.7408907,7.519436,14.042571,3.197509,23.506338,5.710052,15.964547,1.427563,28.973839,14.282157,0.0,8.749726,13.065812,0.0,5.325092,14.67078,7.2925806,4.2768826,13.728048,7.3654456,22.0486,0.0,4.377532,4.2256565,1.9407871,0.0,12.915249,4.9354496,4.2169585,11.15776,1.7104397,7.8908606,0.0,4.7594166,0.36682105,0.0,3.8895912,3.2291207,4.0221734,8.392261,0.0,13.442337,4.9496784,3.4408298,0.0,3.5050101,4.8499684
8.416056,8.439164,4.733607,0.0,15.868002,11.2948065,4.818513,13.378427,6.333643,2.6492126,12.534941,2.524819,15.083143,0.0,16.083763,0.0,7.399635,21.316347,4.1611667,0.0,2.7458603,5.299047,29.930676,1.5287725,3.8581498,3.4899797,3.9366148,0.59589297,3.9003353,10.345266,4.6547523,18.87834,4.1326737,13.27007,0.0,0.0,0.0,6.0608664,5.5651608,3.8425274,0.0,7.296071,0.0,2.6575203,0.0,1.530944,7.2392426,2.1465774,3.181911
16.858404,0.0,4.629033,7.5839863,11.322639,6.0735216,12.020198,5.7931542,14.8631115,17.283218,0.0,1.8625764,11.250138,0.0,3.2555075,7.0961595,0.0,21.649786,4.8679104,19.027296,0.0,12.5589695,0.0,0.0,1.8005878,14.233401,5.387882,2.5010405,5.215799,4.022778,5.1944876,14.926368,5.40346,14.6047325,0.8308962,2.5171828,6.037796,0.18698214,0.0,9.224732,7.378418,9.001416,1.7456878,5.922241,0.0,1.0501748,5.224342,0.0,8.342553
19.889463,2.9203138,5.7440324,28.06386,5.524445,1.5711818,2.7961252,9.52834,0.49470532,30.381302,28.972784,14.171476,5.9671445,11.408947,4.531925,1.4401492,13.145786,11.349562,5.212371,5.3253098,0.6425958,0.0,9.538863,0.0,0.0,4.58767,2.6869092,1.8716924,5.3401423,1.6509132,0.0,1.7895901,0.0,0.0,0.0,2.4929855,7.189261,0.0,1.0943321,0.0,6.324609,1.3163215,0.0,4.489148,3.1749039,1.3580214,0.0,0.0,1.6231447
16.227562,3.7640538,7.188873,7.184005,11.552015,2.5580723,10.397448,2.8905132,5.3676805,15.7120285,11.082305,1.5718181,20.426107,5.879863,12.397608,4.987193,0.97388124,28.745773,2.7428024,1.2815542,0.0,3.2225914,3.8814015,0.0,0.0,6.021261,3.886354,0.0,7.3870463,1.4263576,2.2710881,12.968826,2.3018074,9.45876,0.0,1.7098606,3.358353,0.54542124,0.25093985,3.8145256,6.2933683,2.1193876,0.2131151,8.765314,2.8693814,0.0,1.7952968,0.0,4.1776485
38.787346,0.0,4.453036,0.0,3.9786637,2.9344413,7.730202,15.629011,10.8132515,6.32334,6.6829295,11.257077,19.755867,0.0,9.450117,8.826891,7.947674,20.746021,8.463097,0.0,4.071756,8.404934,0.0,3.839479,0.82786644,9.490475,2.577621,0.9958781,11.613233,9.423703,4.1340537,13.565876,1.4048736,4.198661,4.477048,0.0,1.9119743,4.914342,3.6210618,6.1809235,4.0411406,7.153888,9.046209,7.6840305,0.0,1.0529548,6.8566113,0.0,5.6247025
11.89216,9.4349575,1.1958193,17.687252,21.574255,4.0542407,6.4482646,0.0,12.139834,8.027765,10.263038,0.0,10.795954,0.0,7.912766,3.045465,16.990183,30.034182,1.988768,5.433414,0.0,21.979527,3.4622755,0.6038265,3.9503033,9.320578,1.7393913,0.0,1.1813996,8.111895,6.59285,25.396183,13.025568,15.645703,0.0,0.0,6.804496,3.5765967,2.189046,5.0133386,1.778229,6.2786965,0.0,4.511415,2.189658,0.0,8.65881,1.6593244,4.928697
16.323004,5.256294,8.292638,0.0,5.4821,1.0365131,10.659588,7.038045,15.918032,7.4049144,13.397082,3.3666666,16.071186,2.0373936,0.0,4.554341,21.711393,28.773102,4.664685,0.0,0.93477404,16.160364,0.0,0.0,3.19001,9.941995,3.507226,1.2018756,5.583542,7.087894,6.688215,17.497509,3.8269572,8.118979,0.7216497,3.4427698,7.57612,2.2113583,4.465474,2.5159392,2.024977,8.98433,2.1769128,7.7324696,3.995933,2.6434624,2.9341009,2.3122928,3.176584
22.554089,0.0,0.0,0.0,6.3204107,13.452641,9.762855,23.572992,13.57814,0.0,18.439098,10.397185,16.685951,1.3583462,4.264809,2.0452998,14.932799,22.26699,2.9028206,3.239964,0.0,8.014224,7.2690206,0.65784824,0.0,6.532711,2.2070158,6.1801662,8.403404,0.14681014,0.7674273,16.572105,3.2566264,5.9761815,0.0,0.0,0.0,0.82605535,8.48845,2.8011243,0.0,9.849952,3.2442267,4.2839136,0.0,0.1723162,5.4842863,1.8054445,5.9658604
13.068311,0.52927417,2.4262414,10.403716,14.80604,6.6535907,10.909436,5.999399,19.278023,4.487494,6.17324,11.782249,5.8857427,2.2987235,4.62847,6.1649275,0.0,18.415638,7.2779417,0.9301156,0.0,10.204837,2.8598769,2.9379325,4.89054,3.0121548,0.9774316,1.9878831,10.443485,7.849549,5.2869024,20.360285,1.6089694,12.190374,0.0,0.0,0.0,11.970854,5.3783417,2.4971914,0.0,7.516094,0.5425115,2.358666,0.0,0.0,7.348625,0.0,7.641191
40.828617,0.0,0.0,0.0,9.948339,6.8052993,4.485072,16.442966,13.472909,0.0,5.0794864,0.10988503,17.667381,0.0,4.735157,7.956894,5.444785,17.258337,6.2255397,1.9419942,2.0131361,4.0084977,3.5088108,3.1987033,3.1163824,7.34057,5.5253353,1.1805974,7.05113,3.408177,1.3769805,12.162592,0.0,5.212283,0.0,0.0,1.5375578,3.468236,4.7073717,4.632944,1.6989561,5.681997,2.9277375,6.4804225,0.0,1.4181136,3.369603,1.1164132,5.9046082
27.968952,6.329752,0.0,0.0,5.0077777,7.556861,2.5530214,12.58746,3.74232,0.0,14.242443,13.6586485,15.72165,1.0986402,20.465319,3.278239,8.96923,8.365052,12.981723,9.629895,4.380376,2.3816388,7.200907,2.3298843,7.1807704,8.088184,3.3199742,4.1052957,11.431849,3.5730608,2.1446645,8.593145,3.0784297,5.9865813,0.0,0.26114658,0.0,5.362303,2.5432994,3.1759367,2.1005576,5.369788,0.0,5.227224,0.0,1.0283155,2.5378537,2.2431955,7.128655
19.637836,3.4130638,0.0,0.0,2.2929416,15.2108555,0.7747657,18.83563,9.09844,0.0,29.735657,14.632305,16.771082,6.021931,2.6759706,2.267722,13.674373,23.412054,5.959839,3.3203688,2.3112247,1.9755582,7.3994145,4.387773,0.17112954,3.9579854,3.9370112,7.4278736,11.964326,2.4170742,0.60967225,10.764882,1.356848,3.8835497,0.0,0.0,0.0,0.4739662,7.2433376,0.0,0.0,7.4131503,3.618447,6.002024,0.0,0.0,1.1963562,2.1025283,6.9480853
18.033749,6.020861,0.0,0.0,8.156319,14.689692,4.2357855,18.99931,14.399873,0.0,20.004087,5.943976,15.252842,0.3952792,0.0,1.8254359,13.471675,22.448112,7.7690897,7.156112,0.9703411,5.430653,11.928151,1.4590602,1.0014802,11.520476,1.9213985,3.9223015,5.1099906,3.0877059,6.9848003,14.322506,2.4185421,6.3707123,0.0,0.0,0.0,0.0,5.986087,1.6831886,0.0,6.171153,1.6810338,5.9160423,0.0,0.62668014,2.7752392,1.6749792,5.346692
24.684563,4.281651,0.8069627,0.0,10.349384,20.945824,7.827332,17.387959,9.914024,0.0,19.231024,2.6932836,10.530936,2.3618383,2.0352788,5.5412774,12.4425,21.310402,2.966078,8.252059,1.7625299,5.6607313,3.6962237,0.0,0.2219921,13.123864,1.5263213,2.4380689,9.67026,3.7009556,4.2755747,13.604334,2.6662507,6.118558,0.0,0.52710205,0.0,0.91168267,5.471733,1.5219976,0.0,6.533641,0.75385195,3.0979667,0.0,0.8127433,3.4471083,0.0,6.3996305
26.073244,0.044003315,0.0,0.0,4.499846,8.289401,7.450269,13.12502,12.551488,0.0,19.44808,10.9371605,12.50512,1.2963498,11.70667,4.5511684,10.896524,19.874628,3.7113924,2.0619524,0.0,5.2469244,15.836816,1.3949894,0.0,6.983043,3.8181965,4.4854875,8.870015,8.504293,0.0,13.452967,1.6388419,6.0181274,0.0,0.0,0.0,0.0,7.0627236,1.2490292,0.0,9.405117,2.7495153,3.414654,0.0,2.0349514,2.1847107,0.71153027,6.040573
22.611198,2.2704918,0.6232714,0.0,7.1418977,11.517741,6.774904,16.736471,9.506981,0.0,16.876734,9.954629,13.754683,1.9620266,9.923142,3.712594,9.491051,18.567253,8.684544,3.2286882,4.034837,2.8925803,6.540428,0.0,0.95234203,9.5051,1.1958174,4.081686,13.004044,4.9738793,0.0,12.223108,3.8297017,8.179094,0.0,0.5065532,0.0,2.487606,6.083098,0.60711575,0.0,8.782609,2.467912,5.361542,0.22744694,1.1195172,3.06978,0.0,5.2880273
26.071775,0.0,0.0,0.0,11.487148,5.935399,6.736611,24.222813,11.6320095,0.0,17.840607,12.532261,18.30369,1.1081077,6.717211,4.546234,10.9888525,21.432703,2.392811,8.553988,0.8145703,4.252681,7.248439,0.9454474,0.0,7.6337295,2.3740723,6.3442326,12.653658,0.9888354,0.0010749325,14.464815,3.7679002,7.6258636,0.0,0.0,0.0,0.80937284,6.9153147,1.1492949,0.0,8.748025,5.290308,4.605088,0.0,0.4522673,4.5739355,1.5509824,4.9282904
30.982643,0.0,2.718129,0.0,8.009969,7.8367734,10.168453,2.81098,12.385036,0.0,14.78343,12.214086,10.373103,0.0,12.39883,5.0745397,15.591735,22.596493,11.228999,0.0,0.9066636,11.263223,3.2681265,2.4447312,0.34343883,8.263797,0.6728988,1.3997697,2.0818732,9.7269125,1.9829829,17.24564,2.1916444,1.4923847,0.0,0.0,0.0,3.1275012,7.2177463,2.2612734,0.0,4.46374,3.944779,4.945666,0.4249407,0.0,5.23971,0.0,0.5375187
26.05061,2.2926173,0.0,0.0,7.2994127,14.982133,11.052026,15.676316,13.310469,0.0,19.0508,10.033235,14.415416,0.0,0.041007996,3.3629396,12.58322,22.990755,2.960709,5.5591855,0.0,3.9883754,17.908518,2.740464,0.0,7.895658,2.9793248,0.8834842,8.772417,0.17998074,5.6214995,16.656862,0.5829163,4.2904544,0.0,0.0,0.0,0.0,8.294919,1.5318476,0.0,7.3876657,2.5815134,3.825004,0.0,0.0,4.0149026,0.45170373,4.8623323
17.590822,5.3921356,0.24850574,0.0,3.3176184,9.736549,2.6303794,16.430546,9.63713,0.0,22.375172,11.929894,19.639318,3.5277374,5.1143007,0.0,15.192708,21.85776,3.4314485,2.1602604,1.5804646,5.837708,1.7409927,3.9155517,0.0,8.828202,1.2134024,4.247704,12.8040495,5.6683207,3.953366,13.027364,4.4104075,3.2053285,0.0,0.0,0.0,1.9283004,8.417231,0.39618173,0.0,6.077173,0.7100545,4.803936,0.0,0.0,3.07899,1.4594514,6.468785
27.611118,0.0,1.0875486,0.0,0.0,7.5920725,5.181436,26.893488,2.3783245,0.0,21.78749,12.781455,13.656097,4.8453283,12.434154,5.943703,12.691228,19.412449,4.2409225,3.947444,2.6880078,3.318476,7.289157,4.061825,0.0,2.3907847,5.457579,8.758369,17.106943,4.8827095,0.0,9.709723,3.0549088,4.1692743,0.0,0.0,0.0,0.98754746,8.186268,0.0,0.0,8.661366,5.3818183,3.325706,0.0,0.54174125,0.5785791,0.49602804,5.119147
25.81335,1.3691742,0.04968904,0.0,5.7161674,8.805207,4.4869285,11.653144,10.915209,0.0,16.809406,11.927311,16.881302,0.0,11.417694,4.078588,2.968964,14.788051,9.775716,1.6813825,4.9403462,1.201027,5.7968884,1.7390469,0.26984498,7.0061245,2.883793,3.5737574,12.975017,4.138796,0.92871207,7.8658915,6.201625,5.2619977,0.0,0.0,0.0,4.170249,7.441152,0.76939815,0.0,7.6938334,5.094466,5.3181763,0.33333525,1.5107448,0.0,0.0,5.1051483
24.694168,0.0,0.0,0.0,3.778761,17.13515,7.7572412,15.880845,9.951011,0.0,19.429129,11.700215,13.045122,3.0228062,0.0,3.8356397,10.829412,21.981712,4.440533,8.295122,0.0,3.8033977,6.9269524,0.9592429,0.0,7.5605035,3.4616091,6.0251007,9.009094,0.7467012,3.0230167,14.096381,1.7837901,5.0562406,0.0,0.0,0.0,0.13674311,6.0436115,0.0,0.0,9.460209,3.8149178,3.9124236,0.0,0.0,4.243126,0.0,6.6550255
26.870728,0.94627494,0.0,0.0,6.6188946,9.864028,4.96559,16.86688,7.1545696,0.0,14.122794,8.777915,17.064968,3.1367793,13.349074,4.8868427,5.284654,12.037188,8.856085,7.578825,1.3456537,0.3994666,6.109228,5.2894664,0.45643923,4.5699625,3.3550076,8.527327,13.858713,4.878542,0.0,11.504737,0.5717768,5.4533668,0.0,0.9165294,0.0,0.4951453,5.602514,0.0,0.0,10.041371,3.79962,2.6182902,0.0,0.29231045,0.5023088,0.49469966,7.916715
21.681456,0.19688159,0.0,0.0,0.99562836,7.858352,9.007243,8.550576,12.583874,1.1671842,13.155319,16.373325,9.789519,4.366213,18.422756,8.638819,4.421836,19.209103,0.5552186,10.38775,0.0,2.489664,18.578701,3.586524,0.0,7.870078,10.387091,3.6187894,9.026537,10.802398,0.0,8.940073,3.3474364,7.957035,0.0,3.013444,2.0464191,0.0,2.0838697,2.3973744,0.0,8.256129,0.9424905,3.1514554,0.0,2.5295782,0.0,0.24759918,6.4966516
23.88828,5.580239,0.0,2.3730946,0.687971,9.184761,8.934878,10.411289,14.85547,1.5393292,18.479982,18.725964,13.4355755,3.4151256,25.686165,4.59443,6.4972773,17.929739,5.027742,6.401393,0.0,0.0,22.491472,5.47902,4.248356,6.9407053,10.7655945,2.6949704,11.545442,11.637915,0.0,5.093099,0.0,6.2995377,0.31879807,1.7869178,2.1053512,0.0,2.8877177,2.8919344,1.1531559,7.9917045,1.5513123,4.5413933,0.0,1.9181696,0.0,0.0,6.19702
14.9169445,5.940095,0.0,5.730404,12.569464,7.3159432,10.390035,5.292314,12.884328,0.51311326,20.874107,12.983781,8.76281,6.453084,14.279047,0.0,8.872107,17.48572,6.2578073,3.6037169,0.0,2.4750128,25.06279,0.0,3.674323,10.254194,3.6849744,3.6236074,9.792582,6.4473705,1.3304065,16.32043,5.625906,8.233609,1.2174631,0.20833896,0.0,0.0,3.361874,0.0,0.0,8.499063,0.0,3.1716254,0.0,1.0009041,3.0686803,1.8415164,6.542591
17.87336,2.5836592,0.0,0.0,9.386194,11.477683,5.4898787,14.100099,14.34958,0.0,28.288933,4.695222,9.508017,9.113645,0.81098133,6.820746,3.0743673,14.146997,5.8539367,14.061406,6.0319433,0.0,13.930014,3.6398451,1.9921385,4.7883773,4.2491126,3.5188038,10.458039,3.0997434,5.2789507,10.560521,2.376673,9.163271,0.0,2.5902896,2.424158,5.81371,5.8815427,2.2393563,0.8967204,12.086632,3.4643247,4.847018,1.7893788,0.0,3.984167,0.73573285,4.2985344
26.4642,3.526436,0.0,0.0,9.319441,10.594176,7.127248,15.72361,11.330682,0.0,21.83014,9.556118,12.982878,4.2014117,15.685868,3.6705136,13.523195,22.785414,11.255974,0.0,1.9339595,5.1551504,7.5433507,0.0,4.1958904,12.128375,0.84453785,1.8412765,8.427267,7.4910164,0.0,13.768334,6.8134465,9.075739,0.0,0.57076997,0.0,0.3059764,6.8704276,1.7006221,0.0,5.809877,3.0308383,6.619694,2.761246,2.9246683,2.6623893,3.7509725,7.264618
29.141891,4.3483887,0.0,0.0,13.516588,8.247264,5.3333764,9.918958,14.954369,0.0,23.156069,0.0,7.5988307,5.7251654,10.856058,6.020069,10.279606,22.09975,11.094095,2.5321925,5.881424,6.1969714,11.491166,0.0,5.049485,14.285645,3.570377,0.0,6.403304,6.2830977,0.0,11.178328,3.542953,9.950497,0.0,3.4189508,3.6752713,3.9089687,4.9492264,2.0600343,0.24669245,3.8072097,2.623418,7.735496,6.079818,6.9420586,2.4368353,3.1609907,5.37956
23.193783,3.2058604,0.0,0.93465394,4.9680285,5.9692655,7.0162044,21.730999,8.85008,3.4837751,10.687571,6.138882,15.533384,0.94307214,6.121996,3.3749132,6.028842,21.87473,3.219697,3.2014358,3.330911,4.018759,27.025965,4.840593,0.973708,6.643325,6.2304816,0.47943854,16.474274,7.2134914,0.0,11.140945,1.9600286,5.8432384,0.0,0.0,2.108056,1.5992025,3.7541986,2.901036,0.0,7.640563,3.8454742,2.0801327,0.0,1.0157498,1.9714378,0.0,6.533245
22.073164,3.752745,4.0826697,3.1861246,10.579788,8.82659,5.8567495,11.632168,4.4298005,0.0,15.46099,1.4198598,17.712372,1.2596039,13.995441,2.621128,10.301936,19.401983,9.521938,0.0,7.4026995,7.5004535,3.578665,0.0,6.24129,15.39863,4.488838,1.8922982,8.121642,7.1972675,2.1680787,15.421593,2.2906394,8.094435,0.0,0.0,0.0,2.4920962,4.7215624,4.8097653,0.0,3.2076266,0.0,5.398405,0.0,1.5254438,4.8750687,1.8551688,9.267157
27.038597,0.0,0.0,5.840343,8.05943,5.513922,6.4929857,17.152422,9.685823,1.6713175,9.9737215,5.536978,19.113497,0.57187325,5.574813,4.007022,6.5580325,23.568037,3.6656792,0.0,0.75352985,6.0305243,26.638588,3.8082435,0.3203095,4.717616,3.693419,3.1081648,8.5666065,7.932403,0.0,13.716446,0.9503211,5.0916085,0.0,0.0,0.0,2.8042228,6.2637835,0.67312235,0.0,8.210747,3.5057478,4.300179,0.0,0.0,3.1491709,0.0,4.628695
11.282238,3.0320163,6.2852755,0.0,10.045367,4.755954,5.255492,10.089631,13.684702,1.2686638,22.607166,16.745756,9.686496,0.0,2.7798204,2.943885,3.6533754,23.439093,9.9325075,3.6948338,1.5615073,0.0,16.922743,3.737484,3.8946278,1.8914399,0.0,5.9430747,6.053916,2.0321305,0.07072762,15.029531,0.0,6.6985636,0.0,0.0,4.4670386,0.05024895,3.03957,1.9142479,6.3779583,4.7104917,2.5394988,7.052129,0.0,0.0,2.4770942,0.2737985,3.2995005
20.773348,0.0,0.0,0.0,11.835972,12.800158,8.455857,21.241644,16.330194,0.0,25.792328,15.61971,13.732285,11.511074,9.624523,2.8537045,15.588562,22.465761,2.7407303,7.4212193,2.2329488,3.0504801,13.890693,0.0,0.06347259,8.186041,2.528255,7.2083845,10.331441,5.928013,1.1375226,15.027602,0.7706324,6.7111373,0.0,3.205181,0.0,0.0,6.9833574,0.0,0.0,8.926987,5.162868,2.762593,0.3738685,1.7481376,3.296595,2.0386581,5.711426
26.82431,0.0,0.559587,0.0,4.5849915,10.3820915,5.316429,29.928482,10.699485,0.0,17.640553,15.542306,16.007536,6.528979,2.6933665,6.3938885,9.965168,14.916992,7.7696323,5.6130996,0.0,3.7549593,10.290505,2.8863392,0.0,9.033985,3.784506,7.462499,17.001415,3.1478775,0.13537146,9.183296,1.606543,2.072329,0.0,0.2794547,0.0,0.0,8.717416,0.0,0.0,12.261455,7.20218,3.8290648,0.0,0.0,4.2657933,0.7194545,5.4291987
24.932102,0.0,0.0,0.0,9.682884,19.039034,9.644993,12.981311,11.6648855,0.0,20.533197,13.46666,14.242893,3.284449,13.255948,3.6962821,10.103134,17.721228,4.342196,8.440776,5.97909,3.4245803,8.221656,1.9812803,1.7774857,7.1679583,1.1028409,8.33251,9.066335,7.356968,1.7678361,13.139545,2.7677965,5.353884,0.0,1.9725214,0.0,0.3287754,6.4358683,0.0,0.0,8.030308,2.2217538,3.1427138,0.04433319,1.229515,2.3468685,1.5608655,8.1018915
28.165075,0.0,0.0,0.0,9.191185,12.849217,6.5328913,21.092022,9.579212,0.0,27.271902,0.95052534,13.211977,5.5168314,0.0,6.0676203,10.2823305,19.05874,3.6781125,8.849201,0.0,0.0,6.9596343,0.928094,1.329633,7.8356085,2.8915386,0.67475873,12.345881,0.0,2.434745,8.847519,0.0,3.014336,0.0,1.3151252,0.0,0.9016428,6.1846843,0.0,0.0,7.284811,2.121926,4.3651667,0.0,0.0,1.7166065,0.0,5.1586533
8.679883,0.043085683,8.545435,32.99891,0.0,0.6716148,0.0,14.353664,1.4186614,31.007,31.253323,18.589605,12.090236,15.400288,12.265099,0.0,6.142026,14.490613,1.5284821,2.7553859,1.3929949,0.0,8.923118,0.0,0.0,1.1813004,7.80389,1.9361928,10.303743,5.9242144,0.0,1.6450316,3.3133287,3.2527745,0.90670735,0.0,7.4497366,0.0,2.9301836,0.0,2.7363074,2.40618,0.0,2.6480477,4.023985,0.0,0.0,0.0,2.6045315
6.563324,4.57452,0.0,19.949697,0.6195059,5.124735,3.8635612,0.45955676,0.0,16.970243,26.897192,12.6074,6.307538,3.600124,16.924053,0.0,2.3346565,8.4740925,8.39469,6.0421424,0.0,1.3684458,10.512972,3.351203,5.518961,5.51591,2.277121,5.6189747,9.111944,6.500136,1.966535,4.898812,8.389877,5.35871,0.0,1.125754,0.067352965,1.4856272,1.4150596,0.0,7.7088466,3.5754516,0.0,5.0200186,1.0648279,2.0921428,0.0,0.0,9.141522
9.283427,0.0,4.6306667,21.101015,9.023769,4.8890405,4.2943525,3.7652915,1.2902809,29.790422,16.217451,8.053298,7.4867544,5.8126593,8.837985,1.4562144,1.8563492,12.519943,8.208985,5.9109344,4.7235093,2.9027128,9.500376,2.4751055,8.543708,12.963608,0.9669132,2.2677348,6.4079227,4.647071,0.0,8.294487,7.576369,5.7660093,0.0,0.0,9.677831,0.15241,1.6679184,0.6772697,8.510758,0.0,1.6835392,7.812418,0.84877706,1.5511664,1.1127584,2.0883746,6.8498626
24.687464,0.0,0.0,3.1813745,5.22859,1.0385433,0.0,17.114904,7.72064,0.0,16.732063,6.778737,17.189741,1.4459418,10.675135,1.8000686,12.41014,28.393639,4.1977572,2.0170727,0.0,3.2150493,15.63113,4.430584,0.548514,6.547848,4.5006833,6.5495296,5.7928724,8.368947,0.0,13.298276,0.0,4.833489,0.0,1.0274215,2.2993648,0.27968404,3.019147,0.8080978,0.0,4.1638417,0.57640785,0.0,0.0,4.34755,0.3448119,2.7440064,6.7254977
5.875391,0.0,16.342253,2.249343,1.5659988,21.734432,27.390135,10.610064,9.590445,1.7526381,16.600851,10.706583,0.0,9.842112,8.257932,3.643624,1.3236381,2.0822358,0.0,7.1839647,1.2715857,9.105009,8.979458,0.82651174,0.0,0.0,0.81735915,7.3381433,6.906132,2.8339157,0.8087845,2.951347,11.022615,0.0,0.0,0.0,0.0,0.0,0.21791355,0.0,0.0,6.720598,0.0,0.0,5.032931,1.283725,0.0,3.3288498,2.4367125
25.00106,0.0,0.0,0.0,1.7490976,3.159279,0.5832805,25.57478,8.024518,1.9970729,15.125692,13.686922,22.0495,5.8378925,18.507902,7.357653,11.148948,16.118608,0.7653018,7.414122,0.0,0.0,4.899779,3.6099217,3.0077777,6.5121217,3.5485551,6.4601183,14.684108,8.5981865,7.86329,13.806145,0.49582827,5.355051,0.0,4.3991594,0.0,2.2256756,3.9787638,0.0,0.4353646,8.70813,1.0852916,1.6882563,0.0,0.0,5.957169,1.9327762,9.011299
17.807817,8.436009,0.0,0.0,1.7907679,8.661098,2.744293,16.981255,12.814628,0.0,19.798326,7.9594464,20.943544,6.83804,29.884295,0.6188601,4.311374,9.571769,7.4170814,1.941375,0.0,3.6883647,8.347988,2.6737492,5.2214036,6.6808157,2.5259874,7.2129116,7.2671914,15.90862,8.465587,13.69857,2.0994277,5.423469,0.0,5.854017,0.0,6.4698844,6.5641003,3.487342,1.1277087,7.065624,0.5920784,2.470377,0.0,0.0,2.7386096,2.148537,8.496852
18.013943,2.4202127,0.0,0.0,8.2216625,14.106462,5.4815235,16.089659,8.920006,0.0,24.880835,18.254946,23.07365,10.620809,21.148132,1.0194235,8.722984,12.022793,6.2683926,9.737547,6.707897,0.9161717,6.254808,1.545837,0.33607998,2.9090767,0.66174597,8.223472,9.000058,8.468677,5.774993,9.147484,0.90037984,1.6546603,0.0,0.0,0.0,2.6641595,5.9129953,0.0,0.0,5.448673,2.5885968,0.6118048,0.0,0.0,2.623098,1.8157165,7.218843
18.263445,0.25839534,0.0,0.0,5.8647223,14.420459,2.3567271,15.807748,12.860354,0.0,20.199982,13.279879,18.651499,7.212228,23.888544,2.4779425,8.496314,6.929186,5.0503554,4.931128,0.0,3.2948222,13.232927,3.620704,0.88733137,5.507303,3.6284971,6.562428,4.490901,9.465875,8.927565,12.995553,1.2239518,3.227384,0.0,0.16459487,0.0,3.130797,4.9203,2.4318683,0.0,6.486257,0.7615534,1.3870318,0.0,0.0,4.7859178,2.821665,6.9615417
27.193314,0.0,0.0,0.0,9.404668,0.0,2.0357158,21.228964,15.209598,3.7165642,23.120764,9.639147,14.547509,5.046629,6.1188035,3.3461683,11.580679,20.618742,6.333608,11.4790325,0.0,0.0,14.336756,0.19861665,0.0,1.7644206,2.124797,5.4961333,8.481809,4.0909877,8.995282,13.779503,0.0,6.4452715,0.17163306,5.2993636,1.4941872,6.428246,6.7938075,0.0,0.0,11.889464,6.32903,5.096195,0.0,0.0,5.636509,0.0,6.05106
13.637834,0.0,13.478586,0.0,4.137327,6.3677526,1.4593186,23.101261,11.1026745,0.0,18.924332,12.312346,16.80326,3.43751,2.0838325,1.5449071,7.5607634,17.715185,4.031359,0.0,0.0,2.3010962,18.26577,1.2007037,0.98665905,4.9936066,1.0838953,6.0510917,9.346254,2.2834778,3.5927236,14.200682,0.0,2.9541712,0.0,0.0,0.0,0.0,4.921123,2.461636,1.7236534,5.6874595,5.594226,5.1722717,0.0,0.0,5.3815207,0.2742443,5.9807057
17.531788,3.66702,0.0,0.0,5.7883105,16.397041,7.410334,16.538654,8.92827,0.0,18.564276,6.5330925,13.531915,2.4803448,6.5831714,0.0,13.372638,19.888466,5.951994,0.0,5.7279634,9.297663,2.185107,0.0,1.287874,7.7598243,0.0,1.4773912,8.0836315,2.020798,7.438884,14.398458,4.2724533,4.5401216,0.0,0.0,0.0,2.6023633,7.4396687,0.0,0.0,5.5875163,0.79258454,7.26571,0.0,0.0,2.9072409,1.7212242,6.8345346
8.136916,4.849267,3.4326885,0.0,14.965746,11.986798,9.991194,10.710308,14.621897,0.0,21.137205,8.7958765,12.095989,0.0,4.692557,0.12050141,6.9376483,21.356771,6.2364154,4.0329127,0.0,0.019777194,25.154236,0.0,4.211792,6.758853,0.76213163,0.0,6.0487638,4.4962397,6.0564866,12.72862,0.0,8.028158,0.0,1.5025251,0.0,0.0,6.9061494,6.901171,0.79608226,9.002557,1.5916172,2.890322,0.0,0.0,4.8910356,3.4671583,1.5420332
10.368095,8.00244,0.0,2.7140188,6.6355586,19.164541,1.4946233,7.779774,8.469803,0.0,37.259064,10.3182,13.4159775,4.1294684,7.7346416,1.9765142,13.881946,21.130423,10.581778,2.6465085,1.5774865,5.351953,7.409957,6.9609685,1.2785258,6.567537,1.4380879,7.8989224,3.068369,4.1292143,9.218593,14.982338,1.1874514,5.197367,0.0,0.0,0.0,3.1550221,7.9099164,2.4300392,0.0,6.4315214,0.0,5.6452537,0.0,0.42031017,2.0766497,3.2567115,6.1770754
14.000103,6.007163,4.712224,0.0,3.4141831,12.771775,5.5221515,15.810389,1.9199404,0.0,21.947788,11.5325365,19.705572,0.80179805,10.49314,2.9402528,8.023148,13.46418,8.730843,0.0,2.0488863,5.1075435,9.891901,4.845158,2.02038,2.9026093,2.490884,10.737593,5.517607,4.82841,1.4121045,12.677781,2.8524282,1.9498084,0.0,0.0,0.0,0.0,7.8756914,1.1388856,0.0,8.3169155,1.0186173,3.3071692,1.4942147,1.2407308,2.9868886,3.1863537,6.244633
