image,0,1,2,3,4,5,6,7,8,9,10,11,12,13,14,15,16,17,18,19,20,21,22,23,24,25,26,27,28,29,30,31,32,33,34,35,36,37,38,39,40,41,42,43,44,45,46,47,48,Predicted Complexity Score
Eric Montoya.jpg,0.0,0.0021920208968969875,0.8433696341909576,0.0,0.20990571521739082,1.1720034205813217,0.7514089786127025,0.11295896279489544,0.26194439246442053,0.07253830408695634,0.8739262071277014,0.1496846459816598,0.1975832220531746,0.06972153043478227,0.2606445167941922,0.0,0.033237488351691914,0.0887272643849685,0.021652748491385616,0.0,0.0,0.12848228637277975,0.1916199173757256,0.22732875758765664,0.0,-0.009654985824129943,0.1162819023429265,0.04073608695652154,0.09075655929154679,0.01745495514985822,0.3309910140937972,0.04836186323473749,0.046964910434782375,0.0,0.19371345568324413,0.0038394629119678004,-0.02557964086956509,0.04999770682047146,-0.0776138614790357,0.010546488778967971,-0.00019799975712200824,0.0,0.07421938698983374,0.26865926641141924,-0.016266784399927212,0.0,0.2482505635875452,0.0461023768545684,0.0092843735,7.135777114513671
Eric Montoya_c.png,0.0,0.19060018040934903,3.1209717549365106,0.0,0.012463472039130405,0.08701909729753883,0.36378358951027767,0.49634472432082466,0.14787976535744565,0.2616125795652168,0.14367150452553176,0.2039030736903888,0.29662241733237205,0.057929495652173625,-0.27253874524580923,0.0,0.06825160839759688,0.04784110192405001,0.005746552963188433,-0.0,0.0,0.0910054914590324,-0.09243967606740756,0.027757860164950857,0.0,-0.03845868115394626,0.3404616705019693,0.0376929043478259,0.09103295039949415,0.010173492925497284,-0.05196658973272068,-0.0052583023216714805,0.03334126434782592,-0.0,0.3312563508777821,0.010076331532118623,0.03294724608695636,0.1116106882532604,0.07369216806830015,-0.04079538622645962,0.07615410307767785,0.0,0.07770697026765798,0.03399802967716766,0.16348927106813996,-0.0,0.04453410246254763,0.01646931000573927,-0.0027986133000000002,6.603785129397522
apple.png,0.0,1.4582330455180277,0.16639212111092083,-0.0,0.035808818347826,0.6058403512485302,0.046203845426678436,-0.08689554972454273,0.2737622365875605,0.31750487695652096,0.2477421613311307,0.07902816903068971,0.34438165169458496,0.005366200434782582,0.5303468395541552,0.0,-0.05675408798352168,0.12492516835037924,0.17135604365792537,0.0,0.0,0.0072748956506794955,0.21636429036475383,0.05678802064866131,0.0,0.038324760922973135,0.08957337461304056,-0.006740233043478227,0.033472780425459814,0.13190898440581744,0.11402572705197828,-0.0008981434213514099,-0.002032435217391294,0.0,0.2601270739459231,0.02844831750553793,0.01013722695652169,0.09661984096086873,-0.19315781105340302,-0.02700194236145067,0.3104783120947221,0.0,0.03676014774850116,0.17337182858508932,0.05332363664297984,0.0,-0.03613652464841399,0.0013157105580447847,0.030111685000000003,5.685701415877711
apple_c.png,0.0,0.37435802416569913,0.699583523424109,0.0,0.09697025347826063,0.11036482940935481,-0.09981141420194009,0.18724011353458553,-0.12926404617259063,0.7702812478260851,0.6961538268668994,0.34591663527138794,0.02247817391261463,0.06303368695652142,0.03193175124541994,-0.0,-0.05973120421973289,0.08166035745748415,0.06936779412017456,0.0,0.0,-0.10604311755359934,0.38868226534897055,0.33761336482537835,0.0,0.14160320881977398,0.034174655506308556,0.016893216521739047,0.04656665901737543,-0.013986993771089288,0.09441527272978223,0.015841996317409478,-0.029650398260869418,0.0,0.1004609749034676,0.012512647808239281,0.10534414782608643,0.0606436408377645,-0.3722314220694651,0.024811100147752344,0.4689625167067221,0.0,0.028512859124537413,0.18681998219321017,0.08714918920343621,0.0,0.16577728248648496,0.004296252599841559,0.039364815000000004,5.09906766934359
cat.png,0.0,-0.018656615008243446,3.3082119647468313,-0.0,0.016004181217391264,0.20680512624424835,0.17691794250008602,0.13633355368348196,0.1336880399786259,0.2266073078260864,0.27508388341976064,0.35298920154469005,0.04305963272575382,0.018001073043478172,-0.07809027860440969,0.0,0.056483446362185975,0.0027002313584931084,0.020888860867570008,-0.0,0.0,0.029024000056024044,-0.10442864104266951,0.02988734042853227,-0.0,0.09344029112755936,0.26758082753032236,-0.010938095652173858,0.11761079230517447,0.01640067542647042,0.12212571250879029,0.014143936059926122,0.007378486434782572,-0.0,0.3494876249445974,0.0076452584068127235,0.002277840260869554,0.02405352378047712,-0.1890243088125311,-0.02829717214464438,0.18202629463399225,0.0,-0.024024437189398562,-0.029179983555545835,-0.014423507880135444,-0.0,0.046332198438816176,0.003730205360104317,-0.046092024,5.743764389332185
cat_c.png,0.0,0.1594902300823233,2.9341630874232734,0.0,-0.03429682243478253,0.07322405777853462,0.3612746920682999,0.10429165734857114,0.10155963449455323,0.15921432391304308,0.27476454391688854,0.37448946099467834,-0.026972912007208156,0.021359443478260763,0.08775103981633277,0.0,0.03855548434956856,0.03663197722321267,0.024430627457827075,0.0,0.0,0.14258236282440723,-0.001771928085923092,0.03183901641094303,-0.0,0.047886854794177126,0.26613655023122207,0.009637225217391257,0.10549247657812702,0.0023892887059378714,0.18479070323426414,0.019535293448911827,0.0417925252173911,0.0,0.3341627701023831,0.021082792907661407,0.018003301739130347,0.12641294147208454,-0.1918757629507408,0.07780077787107344,0.10712773423328653,0.0,0.022813944492142,0.11713603342302627,0.14791796665738208,0.0,0.17773037420610557,0.025221052975297854,0.0002762694,6.524051091009057
climb.png,-0.0,0.08139450336760143,1.1650566984076833,-0.0,-0.023523082695652116,0.48178956807509704,0.2966302578580985,0.09378981563952841,0.13957002322384618,0.5087444791304335,0.44162949719843564,0.5646635974487891,-0.0014455068996909266,0.07243976521739094,0.37410979459972343,0.0,-0.1141518460564026,0.08913501199975185,-0.010549292302366432,0.0,0.0,0.15924894757924546,-0.07998160300343213,0.19576171171848056,-0.0,0.05733642012413895,0.011631938650029736,0.08465119130434741,0.05367990452287455,0.08161130140906375,0.017385599123642813,0.029743377836378294,-0.02784414521739117,-0.0,0.14169672895410498,-0.04265912091818118,0.04078472173913023,-0.011468962341750424,-0.17606309360372327,-0.002248614212182886,0.5498756887041641,-0.0,-0.031847949357183124,0.029271349176036274,0.037426525898354476,-0.0,0.10754738879275921,0.02615407656093448,0.039505906,5.450482573652108
climb_c.png,0.0,-0.0663758940434877,1.1992307512455684,0.0,-0.0845178647826085,0.03213498883080899,0.3658242421904952,0.26820844906261637,0.10672646699088306,0.6947293130434766,0.464702724182514,0.9154283520393097,0.30702893898032546,-0.0015130379999999924,0.1460535587054302,0.0,0.2911430700685705,0.049222350589500835,0.023699932206294395,0.0,0.0,0.25699981911788916,-0.07057823161409046,0.06868719789163244,-0.0,0.07638736448799563,0.1730954164650207,0.06251432173913013,0.12547363833932276,0.02665036809145622,0.13720286844273133,-0.00042487147780746466,0.011815767826086898,-0.0,0.21557732450679662,-0.009219260799925594,0.04278648695652153,0.2033560895021359,-0.114292706026474,0.0073737556693340605,0.43212829218789867,0.0,0.02290127772121588,0.0562882703699107,0.04131410169248303,-0.0,0.19611748295602627,0.014089597610258577,0.017463882,6.705434594965245
dwarfs.png,0.0,0.1547683826829266,1.4502688696566632,0.0,-0.00494170208695651,0.48037301825473505,0.8070457558092985,0.2324913712073371,0.577611214283694,0.4657275595652163,0.7238526787332616,0.5537550470233683,-0.019033058456050012,0.07845864347826047,0.08223130116388788,0.0,0.01192689062391505,0.06694746293763104,0.07089199570507061,0.0,0.0,-0.050164217225858135,0.1432819396672075,-0.02640793477344363,0.0,0.08589065646877696,0.19939838101414864,0.008321512782608655,0.1163497976705969,0.03452023755803164,0.06209234986486647,-0.028438722727397812,0.02184818086956511,-0.0,0.27973837588312106,-0.0010110244964181435,0.01369253739130428,0.10881800932782222,-0.04511006511420815,0.05281493663799114,0.21998343430040565,0.0,0.05018432308162969,0.054038950110560716,0.19030481517194783,-0.0,0.04024320605398032,0.02779066539328553,-0.018797077,7.271758698492785
dwarfs_c.png,0.0,0.12740157224742948,0.8294024618117369,0.0,0.01911470026086952,0.26345838547184386,0.5751376589075688,0.36948043965968036,0.22903688295408703,0.4126434239130425,0.41820397428538264,0.6490284956307601,-0.06338662264574282,0.0009410569217391258,0.17385089799401776,0.0,0.09071064458185865,0.05265593289133852,0.04267149891660569,0.0,0.0,0.11159149646573366,0.13650507148310514,0.13850271651282067,-0.0,0.11260954131282727,0.3282926259636615,0.016247099999999917,0.09391550779574392,0.004112868099922938,0.11467518798085792,-0.02446141939463588,0.06350275130434752,-0.0,0.37440681867074754,0.015853257247977183,0.004150705478260849,0.20427306208880408,-0.0875021460219821,0.12490688458678248,0.03817429985049984,0.0,0.04945109163068376,0.02729621679246288,0.1344017774057681,-0.0,0.11378212832497685,0.015546926055143474,-0.0025460365000000004,6.298039836936727
einstein.png,0.0,0.21552291386207345,1.6012642435576778,0.0,-0.10109319630434759,0.27214651430669234,0.34943254429098136,0.5426224674772461,0.41072474932664405,0.26616433521739064,0.489614970058266,0.8055705993277072,0.11170124646354454,0.06315899739130403,0.31980777073944555,0.0,0.13854038754653597,0.058944591830421916,0.005603018245421408,-0.0,0.0,0.021477133010279776,-0.014581844170994493,0.008703231845982397,-0.0,0.05627438514211599,0.2802864238432777,0.07694656521739092,0.10736243167228862,0.07990661861076853,0.11535117916741265,0.007120355010228701,-0.019490766956521643,-0.0,0.31179799982928996,-0.025586891161359128,0.015134010434782534,0.026173284552260343,0.019569610726484707,0.13073443126859996,0.5695158147954724,-0.0,0.2004531509131944,0.19843647290773028,0.18960835947912685,0.0,0.12166118956225795,0.029310892907197243,0.041323780000000004,8.097213971944273
einstein_c.png,0.0,-0.004264192575688913,1.046845870447948,0.0,-0.1755625499999996,0.012341306045642283,0.27189228689418604,0.27885017658603983,0.010347212107279579,0.6355944043478245,0.316095545605684,0.7881356668451573,0.46106273723464775,-0.0329659234782607,0.2893651032257972,0.0,0.24926453168220528,0.04550807018194021,0.026641722825905052,0.0,0.0,0.15715948635303958,0.014772909747042692,0.08646875715729861,-0.0,0.12165597097773705,0.2920933173353077,0.05426586956521712,0.1451806805588652,0.051728951288375256,0.23834030460291616,0.018219829930824123,0.04951516869565192,-0.0,0.4199061177689695,0.001362247333564728,0.04123901304347806,0.23236128046320495,0.11860854679278869,0.1177319262495413,0.3675870513486759,0.0,0.049966798024041525,0.08757015285369898,0.0012981145367940924,0.0,0.2555554891449318,0.0005191407858811367,0.020306145999999997,7.162565238534155
elephant.png,0.0,0.29536805635954827,2.459467009873701,0.0,0.03745187826086947,0.18900960215826962,0.1244528128011223,-0.034792789101326264,0.2995064132596464,0.09963496908695628,0.12910396004424404,0.2427677369369259,0.23076389650923568,-0.00563963739130432,0.22086416526867358,0.0,-0.14294246489347545,0.11944944482474584,0.09551711924083355,0.0,0.0,0.08972583047793224,-0.013728925731403177,0.06172378570893802,0.0,0.1324497042702132,0.2813546381546546,0.0319937130434781,0.1631735162504921,0.03548497502982915,0.1147204280922641,0.0586350821731945,-0.0028819882608695506,0.0,0.11308986405771591,0.0011545223019921393,0.02888814260869551,0.014452456377993207,-0.24660179081979813,0.051316117911104416,0.26366416871288967,0.0,0.09871423789368566,0.2809153728982417,-0.047585143153123205,0.0,0.19110193521193058,0.022657825190186956,0.035883813,6.1202844546389015
elephant_c.png,0.0,0.13275737368128812,0.5349898051949935,0.0,-0.007522064782608678,-0.07404738820287447,0.05807918986777897,0.10020718406373742,0.24104925162922852,0.5653758530434769,0.2889432645656249,0.3230182869115417,0.6381498879870782,0.06141701739130404,0.30810972197314335,0.0,0.023507745961633093,0.009729325244523938,0.13546734628414953,0.0,0.0,0.10767694352408484,0.05353083599708255,0.06411494268992844,0.0,0.005883252336346479,-0.034490593404148805,0.10220030434782558,0.0028044804790880204,0.01357803707927199,0.03839623862312382,0.05032751311321134,0.031681186956521584,0.0,0.005815438623229935,0.013992813561035275,0.057776986086956236,0.056151110419607735,0.13709923124549966,0.03758131455691213,0.32085599219849137,-0.0,0.061720259554194135,0.08012613651236139,0.06829866284820306,0.0,0.15350103730143913,0.011377790601433777,0.008337602,4.787569318065718
face.jpg,0.0,0.04277062920668253,1.1832980982251124,-0.0,0.12319281260869536,0.10608514400381355,0.1269151406995675,0.5026514807113595,0.2581121480801348,0.4665405213043467,0.13058363439290885,0.16687060879290846,0.1277927785687254,0.03292455043478244,0.07117556577474718,0.0,0.32746586751258,0.12872762398797002,0.13694316915155572,0.0,0.0,0.2807027993923953,0.023953548206627998,0.02141853503714732,0.0,0.218173523366947,0.2070363592351331,0.07353701739130399,0.03974625454573655,0.09628346636668145,0.22608506035521417,0.10562515523618266,0.04919649565217367,0.0,0.2289977057431635,0.03900308761431848,0.03077004869565202,-0.011144531173002695,-0.2190060086486471,0.07866644491104975,0.6435900546562422,0.0,0.22399448591055188,0.33228824096446713,0.1518270053089873,0.0,0.22473752705701153,0.02842094834347013,0.055267973000000005,7.0812209706247
face_c.png,0.0,0.07017001681565632,3.0891968364764573,0.0,0.15204245673913008,0.05892818231159328,-0.01685881929503896,-0.13039866147550433,0.09864799669983178,0.2580737356521733,0.0957397386005508,0.07754983111834415,0.19350525516392197,0.02105430956521729,0.19031799678706238,0.0,-0.2654147528210016,0.06871477531794813,0.013825667956265253,-0.0,-0.0,-0.03493654402374483,0.021253821926048876,-0.011659113277697813,-0.0,0.037669858100345635,-0.05247832894324585,0.03446031304347809,0.04646249049395678,0.007689072190224607,-0.08776331061532061,0.011439813238907926,0.057015426086956235,0.0,0.12857423489355743,-0.002942928163407511,0.01972650695652164,-0.16123664935959992,0.023010669972971905,0.002100096814174553,0.07235781981106515,0.0,0.04795073170332078,0.15678410375145782,0.1937354967483244,-0.0,0.12865754244091196,0.012845499718264836,0.01382841,4.6396395991200805
fantasy.png,0.0,0.40408517953941153,0.678715942094821,0.0,-0.03859172039130426,0.1337499901399668,0.34637939336541174,0.34924274139680456,0.12000307237902162,0.426582042173912,0.7846791629996611,0.6091547135053795,0.3947106606866853,-0.005194323999999974,0.05477451460664241,0.0,0.6371834776295034,0.0994902987478181,0.08504458322348546,-0.0,0.0,0.22895342205876373,-0.0357546319672395,0.07627338737820598,0.0,-0.05578398925931168,0.1099886364786211,0.07904841739130394,0.0977012020910775,0.10562814189008929,0.23262207275264368,-0.008010554524055868,-0.024753233043478137,-0.0,0.48675636902879954,0.029306337201176556,0.05000793913043453,0.07884161816450021,0.24495483655260106,0.028175706099764657,0.39768647011561153,0.0,0.03251892139654085,0.07752559204896642,0.1263821858241838,0.0,0.1385907175431801,0.0075080527740684876,0.035020064999999996,7.619197410223671
fantasy_c.png,-0.0,0.2803774241471239,1.0040854466709,0.0,0.11937321608695624,1.1066298104654078,0.798748806669384,0.30007891581324125,0.36235821486821074,0.02438379686956516,0.9985567995406793,0.5923242451721726,0.12898926844686173,0.014116236521739059,0.13829970590416393,0.0,0.08940083778823577,0.06491656616399857,0.1058327824811801,0.0,0.0,0.11377023193159004,0.005458842541503424,0.1390847296769008,0.0,0.043604025500659914,-0.04858714387709499,0.045388756521738904,0.1461749898687519,0.03867293396259078,0.3282843145542528,0.002864562955073603,0.04069024782608676,0.0,0.012828726577266173,0.03871609006094728,-0.02165209130434772,0.16944394061973772,-0.04026257286334142,0.004799977937266515,-0.014871608857507044,0.0,0.05924871565167367,0.1333243146736796,0.10261451698504277,0.0,-0.04200169669515697,0.026997513397304572,0.00414134,7.417205731254438
flower.jpg,0.0,0.18583950958047005,0.6239631258984941,0.0,0.03663935586956513,1.048467539312837,0.3994713054492544,0.16728926200280572,0.18094047356071968,0.5271199495652161,0.5579627163400768,0.24102398140274306,-0.22398941021779062,0.02487966260869553,-0.017748799182050863,-0.0,-0.02326886757845375,0.02223990986652872,0.09274668712650784,0.0,0.0,0.09334197410818264,0.17418531909268573,0.5802512512986363,0.0,0.12140952563010989,0.019919659338972,0.020197100869565117,0.09332899626214938,0.039350481897135546,0.18495568585706582,0.03683902830174701,0.02743866086956508,0.0,0.38253225100843535,0.0009134385645647914,0.08447909130434741,0.1867113458344458,-0.3520351212704886,-0.03423741770585465,0.5989462738228194,0.0,0.03993049532148207,0.11129806279366436,0.03578319964594871,0.0,0.14581513303212407,0.05151158434637249,0.03505287,6.521495291829294
flower_c.png,0.0,0.29967832790431126,0.8351500247876464,0.0,0.16473187826086916,1.5689475482317359,0.44730905575259655,-0.21248400965644915,0.18508220263414105,0.05639571147826073,0.8048108851965078,0.11707670076124248,-0.0927855022822976,0.027085939130434646,0.33723583956400033,0.0,0.44634191572198173,0.04179163884735973,0.1497211996299831,0.0,0.0,0.1021552612172554,0.18710923359211604,0.6675432167338895,0.0,0.0560627969647324,0.007064410796160083,0.0080535909565217,0.08690434424235166,0.0805430080870104,0.28750592177405176,0.03308807600193371,0.039587133043478065,0.0,0.30877389039499725,-0.017929291118639955,0.0200168399999999,0.2229487040559189,-0.042040550937175916,0.012336695749808044,0.033249201887841154,0.0,0.0605471325380649,0.1627147560681644,0.000685561384521448,0.0,0.07239757293931538,0.08375787333907243,0.042022003999999995,7.691186739673714
goose.png,0.0,0.4028769603434362,2.024077445375934,-0.0,0.1082515278260867,0.050433483440152554,0.061072420538121314,0.0784475143388648,-0.0799817945188874,0.23416160391304291,0.30642752912819987,0.034888348254436145,0.24946518582231814,0.00914650782608691,0.2344556811115406,0.0,-0.014610776429939867,0.1143734444653702,0.08153795248587163,-0.0,0.0,0.04616156041910212,-0.01382822142596811,0.08742424284567295,0.0,0.10197474829217504,0.0880234897749127,0.023361610434782493,0.14119698140156522,0.09442869965675205,-0.0030479415258684466,0.020796047477160514,0.06007991304347796,0.0,-0.003805626749321139,0.05323834259495309,0.052786086956521476,-0.01691098040848014,0.10006062435957445,0.019264524536800175,0.18114350530878914,0.0,0.04104128634942897,0.08367503911497488,0.33488483668846636,0.0,-0.0016103558393743237,0.03314167689252882,0.04317146,5.4616745841192635
goose_c.png,-0.0,0.251811641049345,3.1732972692534154,0.0,0.06867814921739114,0.01771318968739773,-0.07987240615769321,-0.24694113091498512,0.0032852847828334685,0.25914821217391243,0.34475941967045176,0.1931375215528365,-0.20612962838402135,0.01876358608695643,0.015346830533604205,-0.0,-0.04120592360597837,0.08082848962699793,0.0955695794392218,0.0,0.0,0.07820924603268238,0.07533334446535414,0.11233706521169158,0.0,0.0230356666855674,0.05996973031875198,-0.010078748695652123,0.05683448112239737,0.014209312821263968,0.07979486595504885,0.03834186428760619,0.11414661739130377,0.0,0.2480728098718887,0.01861241020680754,0.0035310926956521565,-0.0171240536276947,-0.11238017759277273,-0.06981216635420377,0.01700563406021639,0.0,-0.04168925636425769,0.04828990409802185,0.20472511713118707,-0.0,-0.10714790681154363,0.015222493853103793,0.00065134004,4.798280770814105
half.png,0.0,0.1345999373027258,1.2494078533957618,0.0,0.08833792869565196,0.1576609344993088,0.03648556644059899,0.21664124608305368,0.3263976627877382,0.6614431439130419,0.2297229568292726,-0.038295772937589484,-0.019282213709506352,0.03961315130434762,0.08539383772874609,0.0,0.33094091958750094,0.06768387220104957,0.12110442392535845,0.0,0.0,0.10032720133544483,-0.025709878926783804,-0.06108083377441765,0.0,0.3159650345251999,0.19619304678117677,0.02948665826086942,0.0321525736294835,0.03962207072055223,0.23990165059839075,0.09194193694774529,0.03085452608695637,0.0,-0.07938067276023664,0.0016293482582982047,0.05044957043478236,0.11946280502418835,-0.04190465015450563,0.12304652610922569,0.8847080339274234,-0.0,-0.02484442305598975,0.4268729282152135,0.08976978757732487,0.0,0.09989732524675807,0.030612816236007773,0.08074896000000001,6.438577789290168
half_c.png,0.0,0.10464897049551254,1.3821036056578793,0.0,0.0973230105217389,0.031749721020608676,-0.08809108266306251,0.01030077732496822,0.017273944710925554,0.9466315017391281,0.33304368872133344,0.24137400197347045,0.05275226319705137,-0.01816981999999991,0.08696372445371463,0.0,-0.16367171099525882,0.05893228000934545,0.12482883807688176,0.0,0.0,0.0007797046549440911,-0.03189398716091182,0.2791069731745999,0.0,0.34390020464965804,-0.004634358900697871,-0.022954513043478144,0.017368172169593327,0.013853248131115676,0.0608544553345289,0.030001788959997194,0.04336997739130414,0.0,0.09526644267415367,-0.004781519794791257,0.08699919130434738,0.18736909337003338,-0.2948783413399964,0.04403031318911914,0.6234785326974924,-0.0,0.03081879954085232,0.17659360029054944,0.04833145677797084,0.0,0.18648273632053852,0.009356851981014064,0.013106753,5.149919289616173
halfskeleton.png,0.0,0.4044844430624958,0.641162687551061,0.0,0.09776735008695628,-0.05101952610608356,0.051353013752195524,0.03278965111606611,0.11920016398739627,0.7324619252173895,0.3493820076737763,0.4020788194028699,-0.0579944868186817,0.011391905217391248,0.30042373173631337,-0.0,0.02864177358245984,0.0602788361386335,0.13624029717111572,0.0,0.0,0.13984611401526278,0.0511725625561328,0.2149618615607985,0.0,0.08870900688202064,0.5127397890619337,0.0745526782608692,-0.007023976391909303,0.025333603375675657,0.15654171635144024,0.03319933705504257,0.03795297043478242,0.0,0.358145829818625,0.007275959996769397,0.09752775652173865,0.037056687002918066,-0.34198807444585433,0.0474567235120666,0.7091212836179962,0.0,0.10694452123261132,0.2609890176317529,0.09311590554770052,0.0,0.12361939083426998,0.006972687805491465,0.027944949,6.120810894009491
halfskeleton_c.png,-0.0,0.288239243692475,0.7879213457584084,0.0,0.0009656971782608673,-0.06634808312692314,0.12159073389178196,0.12489895343678807,0.04166176743378102,0.7100294608695634,0.4912684518182556,0.34621283476971876,0.1399461974516379,0.0406226347826085,0.3097781590142802,0.0,0.16923862459733596,0.030176223199146545,0.059457120168550336,0.0,0.0,0.04194444997257038,0.020597975256292842,0.2202099445636829,0.0,0.13151762042152496,0.16142356981344494,0.04830107478260846,0.05562482130474044,0.01813650683965526,0.12266260768694082,-0.012402116769884577,0.08493011304347785,-0.0,0.4900417312830526,0.017949158017632926,0.06391678260869534,0.12098643184769726,-0.21642937857897884,0.16901652774992065,0.2648224166047338,-0.0,0.11631525978770094,-0.026489996057844994,0.01670220264590613,0.0,0.24662128413771495,0.03183507433911626,0.025247295,5.809140721236068
horses.png,-0.0,0.24523521799773063,2.4582031560902475,0.0,0.0038583069913043387,0.04587395167005755,0.2793539991061221,0.18075493962501565,0.48102859901411416,0.40507637739130337,0.28620708603998196,0.5880228870982542,-0.14366474342666533,0.07884494782608656,0.26952799422739665,-0.0,-0.029201203973882754,0.044532000796633185,0.04105073441690769,-0.0,0.0,0.029958629795463636,-0.02149553035806145,0.12900485984427348,-0.0,0.03250040294092874,0.1472461373760848,0.025942382608695524,0.04926993734607465,0.08705043524433816,0.12198619385050852,0.011465940086634421,-0.005077127826086931,0.0,0.0674359014347217,0.027934136058845725,0.07667968695652136,0.13209477333294586,-0.2050151162680876,0.019311023898060116,0.5545987355232461,-0.0,0.15127465875470122,0.18192724609210986,0.16175486602728525,0.0,0.008373651479901456,0.03380116474645559,0.0212654,7.073992639836169
horses_c.png,0.0,0.3188612407591554,1.1724051817769794,0.0,0.04487658356521729,0.13146481187211628,0.10925073314297767,0.24861266742530597,0.1998196822040983,0.8666073426086937,0.46408550998101156,0.4474411181688428,0.41345215719900674,-0.07310572173913008,0.32286708935908415,0.0,-0.06623802287485857,-0.024926787418230224,0.12413545454971547,0.0,0.0,0.02820277840326147,0.12304677421252899,0.3752582135216165,0.0,0.24393368620356864,-0.09198651977451268,-0.029397023478260724,0.024209973246927145,0.014937511856482556,0.15533665315309644,0.040435800057021895,0.030662643478260716,-0.0,0.1920493175453996,-0.045385963119837905,0.04287530608695631,0.22662364464833243,-0.04071545417678098,0.14620474718007376,0.48211838067072643,-0.0,0.10760021492115687,0.04844096964191247,-0.031941340289045925,-0.0,0.1644490910194976,0.016937077428825813,0.005107825000000001,6.928613348017193
love.png,0.0,0.1242765332397402,0.8910353362751643,0.0,0.015740338826086917,0.1577288123705332,0.29784226860698204,0.43506257047995334,0.1350971459521407,0.8611663469565196,0.2797375230612014,0.3422126333981677,0.19548406033621243,0.0744325130434779,0.11095050392874815,0.0,0.33512694276315536,0.04267743318675386,0.0318597111021202,0.0,0.0,0.079429611254445,-0.05073787526230814,0.19908273052323616,-0.0,0.013129525677760195,0.43175258962234137,0.11523395652173857,0.037892923186727004,0.0019263068140409553,-0.05510072089453967,-0.024258987999331533,0.008051677391304309,-0.0,-0.008362871488342798,0.03599621345542578,0.07266426956521703,0.022039646264054878,-0.12924568705224315,-0.0018025475526828958,0.04993479538447563,0.0,0.02126952397686822,-0.07070780509591174,-0.015069720080615821,0.0,0.11293462920639774,0.015510558777388217,0.030506308,5.222499723722402
love_c.jpg,0.0,0.35385255942191024,0.4607432360044938,0.0,0.1867611521739126,0.1077006894150008,0.16908468535744156,0.10806861792064387,0.19147387380272884,0.7199848956521723,0.9400907698772019,0.29320684212253145,0.22104287391512353,0.09336499130434736,0.10219834455598563,0.0,0.7409135592416377,0.14131466150070973,0.08033022318030257,0.0,0.0,-0.10671154138015751,0.014910744443706603,0.02311897138052398,0.0,0.20181722815632977,0.11142774873663891,0.035152480869565045,0.05051272503262854,0.005772121615885295,-0.0985669569524265,-0.006092449535136427,0.017424525217391216,-0.0,-0.21412483518284176,0.023256606642868757,0.08083680869565178,-0.0035284764582942467,-0.010124434676729322,0.18843156627684143,0.1345054524754676,0.0,-0.036752545541106026,-0.14419186687297672,0.03508997531575894,0.0,-0.16781277973903458,-0.025470195916824024,0.017200727,5.036213575049872
magician.png,-0.0,0.2537524303224789,1.0168213802685078,0.0,0.0015115708673913008,0.24539450701125698,0.3856373301349438,0.4158849026931301,0.27413022287942823,0.5462092760869552,0.6525670216038161,0.517729078145453,0.24625516882296192,-0.054073221739130164,0.22781232869113313,0.0,-0.26033009200371865,0.04078713037351483,0.051260163818923336,0.0,0.0,0.1274040770148791,0.2283169885385195,0.19376367166651887,0.0,0.058041933222391005,0.16142487002836375,0.07147982608695616,0.05613245355921518,0.0035895242935556674,0.25194181301950147,0.02724052361888434,0.033485652173912875,0.0,0.09326595886882037,0.013826860809966868,-0.02672487565217378,0.05623193382827739,0.11139098615057881,0.3563100208125571,0.29775932453957843,-0.0,0.031231874814089677,0.029340704989111375,0.11746651010722604,0.0,0.08378351982263345,0.0720420251582989,0.026320386,7.0364157614487075
magician_c.png,0.0,-0.026178939619662993,1.1648397592287725,0.0,-0.06962178421739114,0.06608378634423344,0.4227423053108121,0.2494504786707452,0.28622922812904145,0.5577662178260856,0.6002029622847357,0.6037126214740182,0.21209607575864828,0.02097772695652164,0.5298409027074182,0.0,0.23799392812184644,0.120302004147237,0.07971744158485518,0.0,0.0,0.2033894979974945,0.12372609908379026,0.08915882573744406,-0.0,0.17533136084986337,0.09617972721519888,0.08840712173913,0.08450373749482697,0.061597273745310585,0.19716587231291663,0.03431995873889658,0.03339522608695635,0.0,0.0465504071840603,0.07200268661977323,0.000194217199999999,0.15344976047607115,-0.055248999989483134,0.21631179620718244,0.20112229388192623,0.0,0.11002207645752958,0.05672933297440366,0.09594175839729426,0.0,0.16733576294707186,0.0696777432151104,0.04089298,7.418311231280685
monkey.png,0.0,0.10794163739273628,2.2609917405656335,-0.0,0.07298770643478243,0.57293008028271,0.35731500620480927,-0.07144250200684424,0.39462685516549495,0.2253484921739125,0.23460864816562865,0.22180482266734164,0.14988691308087684,0.07171150434782572,0.10843975975673792,0.0,-0.22887552384204926,0.05122668746073633,0.04739463818905124,0.0,0.0,-0.052598253609624175,0.02605214912476042,0.012744182456797341,-0.0,0.06602412418281853,0.14709754036197223,0.0010821146086956467,0.08620643131175214,0.010212220174674975,0.17001295744595307,0.024094236703207126,0.0032027550434782447,0.0,0.2750414357909486,0.01362729396772863,0.07214018260869529,-0.03054273467591014,-0.13831665132936274,0.008722683795642127,0.029458655512549815,0.0,0.09783271454794872,0.011691053273971193,0.07802879669692545,-0.0,0.1120621743549035,0.013379549767654585,-0.049258957,5.564893121155566
monkey_c.png,0.0,0.1021979483749434,1.329340753816291,-0.0,0.17934396999999958,1.1911375702792282,0.8745160629514632,0.24585152520366055,0.8377715191564665,0.113800130043478,0.024546890468767586,0.389608802163128,0.14309216595495494,0.05046816521739105,0.30409619891328554,0.0,-0.10335211147716522,0.058378910801982035,0.09480052239864623,0.0,0.0,0.1487630021962825,0.007367181619295775,0.03621291875203775,-0.0,0.17600989161826827,0.16382579030411137,0.016868149565217306,0.14549020727968554,0.0027790796389876382,0.24931428436552222,0.04558295113974949,0.018981130434782514,0.0,-0.030448122607429316,0.028767761260596096,0.05073801130434757,0.11998185838398358,-0.12480922918063596,0.12481922602374808,0.05921976034865951,0.0,0.18077323028270043,0.17609693886725186,0.08293717096226504,-0.0,0.09797604550595751,0.03966562424757361,-0.0016808864,7.65083100017948
mountain.png,0.0,0.18145552784682997,0.5464810676617459,0.0,0.12894771573913014,0.17488383906267507,0.7584501073831663,0.5127382957552252,0.36064022141014923,0.32509551739130355,0.5871167094249313,0.5211551093923286,0.19762039237345436,0.030442521739130285,0.285116347834481,0.0,0.03644792943592053,0.021532892062502803,0.0701260974656121,0.0,0.0,0.1504820772832468,0.10672851228361686,0.03763103305559431,0.0,0.025523832010025532,0.14509374082465834,0.021990950434782497,0.09881276380205997,-0.01284179866376632,0.33893781245053484,0.07601293703456614,0.137071834782608,0.0,0.11551151807571484,-0.0200411768964255,0.008315082608695611,0.23689153546636565,-0.14277678877048827,0.07145875262243101,0.47935623015662365,0.0,-0.024067514956332477,0.01250084832238573,0.1036498670795314,-0.0,0.0698505661453838,0.019933949990039224,-0.007917038,6.786359819120436
mountain_c.png,0.0,0.29205814127812735,0.6907400061067962,0.0,0.3503805456521731,0.19536503062098706,0.800223398040971,0.369953269329813,0.3278109771327706,0.11902304652173884,0.7148387637548166,0.33142824913099517,0.15499478625553045,0.09136537391304303,0.31271297458143726,0.0,-0.05410625298559219,0.016147136064107375,0.08979545797473105,0.0,0.0,0.08580920464611287,0.1742795099117499,0.0982923111628753,0.0,-0.0006595368382964861,-0.12491294388572283,-0.00412737304347824,0.08715755074658926,0.004571192177573337,0.38819139880697484,0.035778142427721225,0.19112583478260775,0.0,-0.044734575874621256,0.002683566401869347,-0.02807169130434769,0.17160667956365985,-0.02769687519958402,0.21130036178799588,0.09806108096242822,0.0,-0.012395140645746117,-0.025168129772078652,0.20949457427769558,0.0,0.11405279581587209,0.05156558326272463,0.019437107000000002,6.478371530543021
night.png,0.0,0.30404953320521266,0.8900753051603738,0.0,-0.024763314869565158,0.4053633596518417,0.5794240464955921,0.42758359166720944,0.15531507773816658,0.42549404869565116,0.5120431747332119,0.3771577219673775,0.29881289656206395,0.07297743913043442,0.462797082635565,0.0,-0.060298184130521286,0.07188659619036054,0.09605402075277136,0.0,0.0,0.10684262332901051,0.020023750435914176,0.18411400666976582,-0.0,0.13162214398802188,0.20491759634235093,0.03411879999999983,0.18602005238562982,0.04970053979186229,0.18750282539936214,0.04989524413074846,0.017348019130434697,0.0,0.41030393822304195,-0.00260908043806068,0.01893902869565208,0.3085032525208785,-0.20628894323392222,0.12279941990608235,0.353890158772434,0.0,0.098667248911193,0.157498121898034,0.06593428372866171,0.0,0.29372342259654516,0.04933493138749893,-0.018619957,7.818153823156886
night_c.png,0.0,0.22217504000767158,0.6573403124792827,0.0,0.10572905434782583,0.40921983496553327,0.6466761368370194,0.47969738625392294,0.13093116897544377,0.3026292699999993,0.7095713061847922,0.48903735821106414,0.19222732212209806,0.06394307826086924,0.3728757705149232,0.0,-0.07803301816178396,0.04674609862640265,0.17760680325042694,0.0,0.0,-0.015088663353286685,0.02877624046845284,0.14740465321499677,0.0,0.08812009758488107,0.26673624660312617,0.049938373913043226,0.16648059841119944,0.05808975377132228,0.09537948074625478,-0.015227409414686003,0.032482597391304185,0.0,0.29975228555561856,-0.0037437052595628096,-0.03998810434782589,0.25592128441896395,-0.07441240704076885,0.12023160048630828,0.032540894612817124,0.0,0.028001707718243413,0.1158147277853804,0.028007360868560614,0.0,0.2313511241650591,0.06100016250549215,-0.012035607,6.873906216680388
oldman.png,-0.0,-0.007445209557817732,1.600977896420304,0.0,0.1422241171739127,0.4099475705856173,0.5200221358365186,0.3451466276073599,0.3650523409728982,0.641935446086955,0.2687746146394211,0.535473901451768,0.1611824091653679,0.015754712173912964,0.19508784646536514,-0.0,-0.29202631666387574,-0.006639400598948227,0.025832284773556164,0.0,0.0,0.020996684848983437,0.014645940356136358,0.20855766282819413,0.0,0.04494636644540885,0.1478174690043463,0.06028724782608665,0.09861788234374792,0.02820748742263359,0.14703544491829332,-0.012175064601720064,0.06649308695652141,0.0,0.18631000648732157,-0.014315978206874736,0.04510605478260847,0.07446837014061503,0.05240536716232093,0.07784080397453096,0.29204024804724876,0.0,0.3163313616725554,0.10798834214473371,0.09189410163281571,0.0,0.09033972481693073,0.03026115287197047,-0.005261519,7.092139221407723
oldman_c.png,-0.0,0.319113329605115,1.4602290240066964,0.0,-0.02404298634782603,0.5029460042264889,0.11771678298467002,0.19820570495696604,0.13263728819021897,0.8799632173913022,0.29782469794568367,0.12869977837991375,-0.010047645664819567,0.0019566139130434684,-0.08687079416059082,0.0,0.22184881486970204,0.013088115767582611,0.15900946926232104,-0.0,0.0,0.12788017331338894,-0.04859358568064265,0.35272465433230116,0.0,0.14593301832550185,0.08675129574122746,0.04451449565217369,0.022544181196537498,0.007777070669548647,0.025912915374490586,0.01035738794471101,0.006362038260869534,-0.0,0.34303880087611305,-0.013608194587644524,0.09623461739130387,0.2027913590480041,0.1797944070491683,0.07458326741287304,0.5569092155748108,-0.0,-0.05355324960658567,0.06947477605323538,0.09515666579801271,0.0,0.040296165640959794,0.03950407557281914,0.054957123000000004,6.780020089679645
oldpeople.jpg,0.0,0.247963177487932,0.6793566067521923,0.0,0.11433114826086929,0.187892638778653,0.1414783619243555,0.3021604777485364,0.36272188103097697,0.5435710765217379,0.624207783336545,0.7190212790241581,0.37549310195052504,0.07070526086956487,0.34268082427283214,0.0,0.017802215007792943,0.07790951554984728,0.3197585341959542,0.0,0.0,-0.06506804658526022,0.11606102092835621,0.10850643419509073,0.0,0.06657398461384795,0.028719922599804208,0.12752991304347763,0.02973608742894478,-0.001704787422238472,0.20913418701725603,-0.006318526761124774,3.482134086956504e-06,-0.0,0.19740446738581058,0.010704291481121765,0.06342901739130404,0.062362290362932726,-0.17033006362105835,0.03976808302796136,0.38187906248908293,0.0,0.13507659664147825,0.08066870919181042,0.10840051832501246,0.0,0.21404397728702107,0.019684109381491562,0.019741283999999998,6.903059897248682
oldpeople_c.png,0.0,0.24439109983473817,0.7531423430378947,0.0,0.046249281913043366,-0.08164917545807926,0.15272247097233851,0.0771818773211507,0.05773485141131065,0.6944250413043461,0.49998281193130906,0.6998264341942692,0.22705935342136224,0.015977718260869484,0.25801024442581605,0.0,0.10597889946633104,0.07704512399911614,0.12209232821586004,0.0,0.0,0.07983030647464372,-0.026339133648949842,0.19748944818450842,0.0,0.13566649695048186,0.14224955829922503,0.0218662304347825,0.0800666457514156,0.029569677505316583,0.09990992831964925,-0.004296770949997518,0.046188599999999774,-0.0,0.3159327269927406,0.023379338964548326,0.03178524521739115,0.17250129489783736,-0.2099698696462203,0.11851536347405203,0.353152392483019,0.0,-0.039931717906415705,0.01547821312492597,0.018790020663679154,0.0,0.08745721825013009,0.022922097880148692,0.018739117,5.6811231329685885
painting.jpg,0.0,-0.15559236431432066,1.310226700540518,0.0,0.10120923086956497,0.6089641545669426,0.5920044459561169,0.31471569720698317,0.526852526204618,0.4910977091304336,0.66259874027607,0.5208967577533877,0.38291575524824983,0.007806701217391265,0.23225304538116254,0.0,-0.2103094385365978,0.12122717535850965,0.08194993417248907,-0.0,0.0,0.18202301967728568,0.0759733555121648,0.14995732816983273,-0.0,0.08092304653352432,0.04176159223254531,0.0427163304347824,0.051344995946871606,0.06379362169507155,0.25274852180218127,0.034931893165147485,0.027727908695652035,0.0,0.04139997087346784,-0.034225752629062973,0.014402912173912973,0.1805734118593346,-0.043316988900127563,0.0065192734203697,0.5077672678656413,0.0,0.12976814870305062,0.038744680537161846,0.04726032039148518,0.0,0.13763042984613966,0.06188794591997197,-0.021106586,7.6600234189579215
painting_c.png,0.0,0.15928448037510437,1.8427958077200985,0.0,0.11043163530434756,-0.24106869633287775,0.1442495157812184,0.2070981025322335,0.2308279903189719,0.6964149130434767,0.33716222669620927,0.5410867940793508,0.3669148173754549,0.03451711304347809,0.30248120824637736,0.0,0.02091862335792644,0.047906247327552616,0.11776876437409152,-0.0,0.0,0.15660268971333788,0.0015004895784918634,0.090052384760794,0.0,-0.062234166749320946,0.30648512046874904,0.04287911304347805,0.024856627939924273,0.021606079008290296,0.1595240029480901,0.014727051097108495,0.0074583406086956155,0.0,0.3108706787591404,-0.032275505822374116,0.07150719999999965,0.09537327463153479,0.010989127109623745,0.05426607053796111,0.6765407755382378,-0.0,0.07363992398044418,0.1816073089656452,0.5391986763704746,0.0,0.13621170958581674,0.027972175522636623,-0.005802294,7.822346396839793
people.jpg,0.0,0.21438754490277157,0.6662775866958266,0.0,0.18392111434782563,0.16135994486887,0.24765955363539705,0.1106532639421119,0.3455088382661396,0.4422419130434772,0.24854084702014817,0.516641378402623,0.4467108336215915,0.04089498260869545,0.18096860551695554,0.0,0.245758019158539,0.16877508250381437,0.07696899541487122,0.0,0.0,0.06755493080923027,0.12689621787334282,-0.07557933841025129,-0.0,0.16759737376306585,0.2923006174411691,0.0789611999999996,0.034647860808940195,0.0784766624436224,0.07630868401970979,0.026433856626225587,0.06744757913043445,0.0,0.13119523707369793,-0.0022469364798041783,0.02236760869565206,0.16225641180139588,0.022200070374191107,0.08487054331430635,0.3335179723007207,0.0,0.1577544381201547,0.07713390652536967,0.057746666535972595,0.0,0.12395993032935791,-0.0008710597652336232,0.08713342,6.495332357280926
people_c.png,0.0,0.2489812789967444,0.8585588358815743,0.0,0.09009477221739108,-0.17022234673415806,-0.1383689179917131,0.1715265800163577,0.10610105758184128,1.0852561356521713,0.2687460428196267,0.23253184500209148,0.8076666296001112,0.010317920869565166,0.11430691107273028,0.0,0.2314210259023849,0.12233527332948348,0.03392198820569078,-0.0,0.0,0.00947443386042916,-0.02787838900478009,0.004565171755678231,0.0,0.22913539023807208,0.018956848042457692,0.03346040173913027,0.03662668329907041,0.05480690210576446,-0.0519838797038565,-0.022894374902610266,0.006733778782608662,-0.0,0.06414417477508627,0.0023037070679363335,0.04777752869565193,0.10693454981702473,0.12814418949007428,0.007860204617481744,0.7220158117856239,-0.0,-0.12111941916701068,-0.021065726948467933,0.008818084893491987,0.0,-0.021669332080176806,-0.0051919050849901765,0.0093000346,5.292429901095585
scene.png,0.0,0.49099511603991647,0.6648446829785893,-0.0,0.1445596752608692,0.19781437591159792,0.7268162084152491,0.5331100505002195,0.351711174625527,0.30376245086956444,-0.16238066905875564,0.2359142318705714,0.03043912433844834,0.054174020869564944,0.3806597495148595,0.0,-0.43311383702083933,0.0520065573758881,0.16322556500940938,0.0,0.0,-0.06820236994088369,-0.04645016905993305,-0.08384277335464012,-0.0,0.10244596305688392,0.0010349091808658235,0.059418286956521446,0.12329500836170114,0.03071187685308077,0.1290741593687488,0.06272316213837068,0.03228346608695636,0.0,0.1261089487957717,0.000357645019672095,0.023678012173912927,0.04049571976323766,0.027601926010891724,0.17621688424700951,0.03210660522695563,0.0,0.03512930658590958,0.07235493466528725,0.1182896577717806,-0.0,0.2325212990886443,0.006539400807348694,0.031405044,4.999835381304774
scene_c.png,0.0,-0.02921148708234927,0.751305750055449,0.0,0.08694031091304327,-0.20097384589694084,0.2697204547428967,0.15403118851275222,-0.229848400172095,0.3725639091304339,0.3112329228691148,0.4259678479408311,0.5488938590100457,0.05054672173913018,0.8818879064406986,0.0,0.041635809546150364,0.11904857165790321,0.08480655766116424,0.0,0.0,0.26323132755239,0.047485470172204766,0.05782494903631185,0.0,0.1872347668574934,0.27562790422717476,0.06461539999999968,0.025910457449366257,0.12358952336412068,0.0615766451913625,0.07099442058925791,0.06672139391304314,0.0,0.5134073500174192,0.008923456797631086,-0.0015305792173912966,0.25125384076123675,-0.033984041251403356,0.13901726432070838,0.5080223813811516,-0.0,0.0211867367569126,0.21439414575225738,-0.015677236451301424,-0.0,0.19378749186319968,-0.0364573696529277,0.006411184,6.652114960498447
skeleton.png,0.0,0.19471547485449714,0.27766979483843757,0.0,0.05934925434782594,0.07272176532868557,0.18051916258587747,0.35141808112587647,0.29158863291207954,0.5508590530434769,0.1196220018196854,0.49881152199849615,0.27574025359317006,0.04450970956521717,0.27944498985529687,0.0,0.105577950580065,0.08786191875967807,0.09119104212951137,0.0,0.0,0.16323544356472997,0.04037324875464268,0.05894861494053894,0.0,0.12874326911652798,0.41534677865263664,0.048882385217391064,0.02517630357151677,0.043702140443528215,0.18299455175124443,0.05366575719251975,0.052406248695651914,0.0,0.4057606804578953,-0.038273220576449475,0.10803837391304294,0.0915824193961634,-0.2787253124358901,0.07078084649766532,0.7373157549705619,0.0,0.2069856730679881,0.3255201623843798,0.14998477190033063,0.0,0.27132797786379503,-0.016934668390563568,0.065910397,6.794349205287724
skeleton_c.png,0.0,-0.05802079772415014,0.7972624889371406,0.0,0.03585066482608687,-0.09644917688565632,-0.14250018183723373,0.14638525835041363,0.06475040230701098,0.769110451304346,0.06924097953677064,0.2162910216633037,0.6104194993007542,0.034463295652173744,0.3194784086375229,0.0,0.29471017641383845,0.048691921764175014,0.07652144924265245,-0.0,-0.0,0.20179921237316428,0.055489746481487155,-0.05876247029887726,0.0,0.22765576269222185,0.3084334011872145,0.06765141304347792,0.058914405521449234,0.06981249783397035,-0.02402274639304908,-0.018803845517004564,0.04336591826086934,-0.0,0.502902290145207,0.02956780133415433,0.09835550869565168,0.26965222814259,0.02562361230984114,0.09985568018562485,0.6782359210674708,-0.0,0.02634490180910222,0.1704020427257777,0.10539274133299664,0.0,0.17585837444786928,-0.002586178985672513,0.044225706999999996,6.341569786884686
street.jpg,0.0,0.3399940065103582,1.2782773861615309,0.0,-0.13924227469565184,-0.006799587771452126,0.14859373705620293,0.42261389523453674,0.12199881486482383,0.6332575973913028,0.4264147785366818,0.5753514604945097,-0.14021231969393064,0.022255097391304237,0.41190011438413615,0.0,0.37894678805454307,0.0641718445259821,0.06743557527316929,-0.0,0.0,0.08487208695583992,0.01411610671241777,0.0172293261931274,0.0,0.003980573604425105,0.061914167702209436,0.040024834782608494,0.08231966952516802,0.08874747384764979,0.2263957218273238,0.04345831839579102,0.04231268695652153,0.0,0.29434600639264025,0.006524020955082225,0.08475084347826045,-0.062000393485391866,-0.09235894657640448,0.02151656256930466,0.745501384907965,0.0,0.03211544196271784,0.2657321298555581,0.12002133241612631,0.0,0.3560877667676617,0.03260517350855799,0.067803836,7.182973038973206
street_c.png,0.0,0.02695716278480427,0.6915966216096893,0.0,0.10551399826086931,-0.0016192676821906952,0.10192655432114965,0.27585322062246787,0.04395303888043287,0.768502319130433,0.6681784662728097,0.30557957751163056,0.4739444500071502,0.04094764869565197,-0.04696983900705315,0.0,-0.2815897362036197,0.06658899497754041,0.10288432136874733,0.0,0.0,0.08756954689816068,0.09396411610816126,0.18879313867029385,0.0,0.12502831701217268,0.033693572404479614,0.08821418260869522,0.04207128955233629,0.029581335471769808,0.20219722905168225,0.020253620136064663,0.017280310434782523,0.0,-0.011321776318396004,-0.02764272931804688,0.02380451739130423,0.02054205630231858,-0.02672035688689326,0.08061294111681154,0.6164081626949124,-0.0,0.06517006152482506,0.0009986864652277274,0.16822200293902967,0.0,-0.10518324093199462,0.03664890352811749,-0.0013906583,5.1110427601063275
sunset.png,0.0,0.2107875420080213,1.1131386919168085,0.0,0.011300528999999972,0.45279750423584575,0.758316932787059,0.3491546294960678,0.31029552533082655,0.36075425826086865,0.6234458232177822,0.5549471890226717,0.06844295423415407,0.0879358521739126,0.3242841797420955,0.0,0.016662066422230472,0.04605297197758978,0.06775068591125183,0.0,0.0,-0.029229981149363413,0.10811044839864474,0.043064544430055855,0.0,0.03563109805111404,0.289951795308657,0.019679693913043382,0.10082069073533294,0.02877982500992607,0.20130965602150938,-0.023868876365212892,-0.013216555652173848,0.0,0.7301120082949807,0.05069696652465944,0.017669136521739043,0.1446162432031558,0.05543538169697228,0.09912044273353979,0.052675955382627586,0.0,0.09877552029355585,0.08117017981099857,0.06541317667005137,-0.0,0.13571735938779683,0.0542972801705541,-0.027185512,7.675613813129349
sunset_c.png,0.0,0.14169274117752914,0.6434126285113817,0.0,0.09426794652173891,0.37178719337057736,0.5194689320003378,-0.00028853807280808277,0.18245737670872733,0.4229581517391294,1.0904312381351926,0.42484828045776635,0.5675839621861333,0.17893708695652083,0.20245632112366843,0.0,-0.1864974323441558,0.12516277550826066,0.01192711607634836,0.0,0.0,-0.13067094227110548,0.2034664034464356,0.07732461140047911,0.0,0.07643090812602157,0.3201091878839989,0.08206845217391263,0.17607285497948155,0.057880335609119885,0.12679274229066345,0.03168111980156425,0.02368288434782597,0.0,0.33887227844568907,0.0002576925314299531,0.028485860869565074,0.29465820130433745,-0.00853344972935787,0.2043122457555447,0.09442579211311301,0.0,0.10351701097258469,0.1531825730369638,0.3197271099744746,0.0,0.12781280808560633,0.003910122525682279,-0.016335379,7.4797372047303785
table.png,-0.0,0.3702698523400508,0.8559161671718152,0.0,0.2966430156521732,-0.06025783294246595,0.018079867406131104,0.20547766438677112,0.21699533507228166,0.6838507617391287,0.5015641004296484,0.6021706949613226,0.4721156738433274,0.022609252173912932,0.479305125385466,-0.0,0.1316934070009993,0.15037741573955635,0.1678839101270614,-0.0,0.0,-0.06131427173500096,-0.049611472055883135,0.08154659378686127,0.0,0.10822178948829643,0.10999545992055054,0.11117002608695598,0.030646887422503963,0.09673567126397108,0.032562106784199164,0.024251309202869765,0.017768111304347738,0.0,0.0640416039306687,-0.006619969848325221,0.00722679130434779,0.09115143640522458,0.0165529076948574,0.05499900382709092,0.42377478976007465,0.0,0.12236415057978246,0.016817957532705517,0.16308922470239207,0.0,0.11261008728738128,0.0028413462265588717,0.041414013,6.726929964359611
table_c.png,0.0,1.9746586954218708,0.19084732568815002,0.0,0.08729291652173893,0.45288182945826916,0.013277871342210479,0.21621988524001676,0.020233071446215955,0.09539243391304325,0.4448602242747182,0.1658003169671105,0.13064073760067724,0.007585298260869527,0.5969757392995599,0.0,0.025680935646409817,-0.0022964255197885737,0.32093486484627787,-0.0,0.0,0.04248510750929108,0.09581190199903535,0.11812725490251681,0.0,-0.02997951396462973,-0.06133107682992992,0.015164933913043403,0.01698720813059164,0.08414905577013494,0.17563627263090725,-0.013487931187813345,0.06229111652173882,0.0,0.12455162741259282,0.022534600497886605,0.037855214782608504,0.07258821543250854,0.010187506968925505,0.05866467616206039,-0.021471296876736667,0.0,0.04653451889060202,0.049100663169957835,0.014302257554547152,0.0,0.07917962225653238,0.050998568233606295,0.01012767,5.801993894287328
tiger.png,0.0,0.03505241348930601,2.8081552524325635,-0.0,-0.07550395799999982,0.5915567597614008,0.4406396575703098,0.05387279287286461,0.4115175820735985,0.1852774278260865,0.4112427379076397,0.3400643018202628,-0.06638634925444228,0.05904502869565188,0.22732578114852073,0.0,-0.049044090230185154,0.04597001008354442,0.047329590985884816,-0.0,0.0,0.027504817701630387,-0.04875988474274306,0.0339926973011734,-0.0,0.01793255607192136,0.20987654798746863,-0.004852504869565193,0.05766714353764945,0.02016473075973384,0.21120827361225658,0.029785029821027965,-0.002071855913043468,0.0,0.2610129617112358,0.013104341849909091,0.01025067999999995,0.07746995718473335,-0.24664216873116798,0.04167809665359832,0.23020239460490363,0.0,-0.04671062921363469,0.1549701813662407,0.07149747055005616,-0.0,0.13833662244004713,0.03722627708102259,-0.043400720000000004,6.717557955947459
tiger_c.png,0.0,0.15396207511682103,1.2068358419020748,-0.0,0.14815588865217358,1.0391553116140577,0.9076730736234234,0.522649794993297,0.5638528079817883,0.12066640182608666,0.4956965897196964,0.3976817269652831,-0.05684440368558883,0.07996508695652134,0.28078569554460303,0.0,-0.22126468288218798,0.06683257873105405,0.01149409229860579,0.0,0.0,0.12851435704841038,0.03023002905451712,0.028596694293399255,-0.0,0.06176153078053964,0.1338335071141654,0.0396930347826085,0.07129268652290094,0.02730543781309274,0.34163394574313977,0.01936817195153164,0.014458413913043406,0.0,0.02924054024097763,0.04461198972620356,0.0024065714782608573,0.044243305689090205,-0.3408580814351075,-0.011106338190878166,0.08754722843648452,0.0,0.0386707707396969,0.13578489005728273,0.0899288561239933,-0.0,0.19734699301879555,0.054445838097960886,-0.016014092,6.970234160357821
tree.png,0.0,0.12774731944338194,0.911253178249599,0.0,-0.0829033774347824,0.5181980474318071,0.6280872797822957,0.14514740963247438,0.3287671680355244,0.35843160391304263,0.3275131233258532,0.5202517441995977,0.08711284599243413,0.05566339999999972,-0.055871542206437794,0.0,0.13379063248300374,0.11312552346032097,-0.06576999539021158,0.0,0.0,0.13782748096064723,-0.0697831170904324,-0.030055414599203682,-0.0,0.054536511117955384,0.1256341978160307,0.029916413043478113,0.17840606332253106,-0.02531219962972163,0.2917814810846723,0.03644133894390551,0.023029530434782494,-0.0,-0.006048394592181848,0.06578689512515681,0.07826722608695613,-0.06722994211511296,-0.24745720684535077,0.049959465602162266,0.36089895143117307,0.0,0.062389282851260226,0.05909399748311107,0.06655876029430044,-0.0,0.24763156425997868,0.025988314624777936,-0.067351637,5.431453923528778
tree_c.png,0.0,-0.03998371794542147,1.333075845390737,0.0,-0.08394079917391284,0.42034764518724554,0.3402268156974812,0.1858974784832515,0.3593981406381546,0.6228520086956507,0.4228698063669054,0.3018636940858783,0.28893396524691817,0.040979020869565015,0.3258344884811105,0.0,0.00829709563950282,0.008379097972628036,-0.02840500003779885,0.0,0.0,0.24778530348392885,-0.029373595974032624,0.13599727073296247,0.0,0.13181504076341213,0.10454210423893956,0.1600703999999992,0.06360353787048895,0.027938770521906388,0.060029619568210596,-0.00203086847463377,0.032841549565217225,-0.0,0.2465912280347529,0.04203788804667343,0.06273612521739098,0.03028484466020237,-0.1624047349767806,0.011804997056048597,0.4942432049496389,0.0,-0.012367105690583167,0.12023363977266201,0.10918283069345869,0.0,0.15692785005975607,0.016684172707608667,0.00034066060000000005,6.5561403190251255
treeelephant.jpg,-0.0,0.3255627254312312,1.7166014472643158,0.0,0.09694636978260847,0.42587337475916287,0.6004964462783032,0.3074863082466149,0.5594092915228204,0.20939470695652124,0.49676690985586314,0.28462450559128927,0.004538770413593878,0.06031949565217361,0.5438934311520625,0.0,0.12760140128519673,0.09150509505700184,0.04499761251652977,0.0,0.0,0.05357581316994181,0.06773633502343744,0.10944151083715979,0.0,0.05614287753347785,0.048899843774145635,-0.02833392347826073,0.1189752378547278,0.10205194253472674,0.2815483540715334,0.019061763114276695,0.054194121739130165,0.0,-0.09499684521335913,0.04602688570506333,0.019062979130434688,-0.012646795332259361,-0.16149970461509433,0.16677500922501426,0.15071470842599766,0.0,0.11159604761641534,0.22849696525820037,0.2544414803282816,0.0,0.0123637299052018,0.03900770124629455,0.043812685000000004,7.582466614619773
treeelephant_c.png,0.0,0.25139504198183965,1.0137463606252557,0.0,0.022058899043478207,0.7412437395756295,0.8763656269894095,0.2568945686575007,0.5066783265581307,0.3240907195652166,0.28178047556286995,0.20889350935397752,0.26676542270783987,0.12045654782608636,0.3973116846213667,0.0,-0.27138273660480616,0.15782371211925322,0.007268929156964853,0.0,0.0,0.05632874162618625,0.1713486825088116,0.008691483528242325,0.0,0.10599713252180475,-0.050027910954100405,-0.011243289565217335,0.0533901576376482,0.05697660964901742,0.14778593850483737,-0.02382447083135174,0.07727388695652136,0.0,0.0035794334628368473,0.025197391926227067,-0.0016788846956521655,-0.004064755708687505,0.1537629365041863,0.13629061694101408,0.024013609818679085,0.0,0.200562470602725,0.14053898952802038,0.12728269996887887,0.0,-0.0769790609454135,0.018552867435784,0.021197307,6.52234341116101
twotrees.jpg,-0.0,0.26727549267436035,0.9909035051693311,0.0,-0.001145527721304345,0.9372984170711718,0.703333281938829,0.23149700334684184,0.5808643029289626,0.4179099891304338,0.25286161597613493,0.3068413564247803,-0.0509712954147148,0.08011738260869526,0.36956647093420597,0.0,-0.2845250099980754,0.03777185439553423,0.06519147861015115,0.0,0.0,0.14496275985693793,-0.07985561861273814,0.1605604974844665,-0.0,-0.009037441833372278,0.06709541669799617,0.061515921739130126,0.11573906470095009,0.047069271293731105,0.26412965428019053,0.029607293864931442,0.07017817391304312,0.0,-0.008990813516099518,0.02347905168192778,0.04732064782608672,0.08443866085346266,-0.19654783950231305,0.012643978572404896,0.1297875280651982,0.0,0.1261354078896497,0.1181010799452595,0.042777043420863275,0.0,0.19223803837494055,0.02919284832864255,0.0036063436,6.380937287000629
twotrees_c.png,0.0,0.2122318085288511,2.169625844424065,0.0,0.056163320782608564,0.03780539759264288,0.07936518441156244,0.012591513135350445,0.21912594451484507,0.23224448630434727,0.14452408133880298,0.27010530085437306,0.3623060840092759,0.024992801739130308,0.23385742494141115,0.0,0.2547016456633201,0.14372576976400986,0.0478217304785055,0.0,0.0,0.00477123018627281,0.012506646112832562,0.20478195205288152,0.0,-0.02538135030873666,-0.07932166352901429,0.09212492173912998,0.02734858779102523,0.03139145534805596,0.07997629601164867,-0.013142686744120075,-0.02851490956521725,0.0,0.08707101525722906,0.01618095800723477,-0.01783617043478252,0.051297252284373575,0.11870197574503154,0.06826661414040834,0.09562981378814192,0.0,-0.03723033859865993,0.16535589291171074,0.10151183547001355,0.0,0.015586651694421978,0.03897514685936738,0.06037635,5.571615814702347
upsidedownwoman.png,-0.0,0.2861379573080787,1.3921893232725748,0.0,-0.008107478560869547,0.6540825967257095,0.42810290146993263,0.3191978544395157,0.28906493712279585,0.7332351586956504,0.44229621791788365,0.643077437756389,-0.028478107819434613,-0.006235444347826056,0.12544066639809265,-0.0,-0.12032226747284497,0.00031685100633211657,0.09268663203409862,0.0,0.0,-0.006712696465560024,-0.025640934472180126,0.266358444725809,0.0,0.10097713152510189,-0.13958181458009195,0.014027193043478192,0.06818880629249943,0.061474328319357265,0.17300586277547497,-0.02178789884937805,0.034817811304347655,0.0,0.30140115714852694,0.010753772172953768,0.059759226086956226,0.1062499678081579,0.09994631012584979,0.03010272165508659,0.13963353363290323,0.0,0.11711788811692112,0.09892429301298619,0.09761504032552076,-0.0,0.066760783292465,0.02146012684031003,0.03352486,6.951061149783574
upsidedownwoman_c.png,-0.0,0.26980746496235847,1.281512291192595,0.0,-0.06324152273913028,0.74876072695695,0.5307515857556003,0.1715150811590728,0.41274317860197207,0.5179468156521727,0.628729498440237,0.6620266780434311,0.0021140495218933803,0.0009115906956521694,0.20997162618419823,0.0,-0.035757668412113496,0.029501454818929747,0.11363723498323029,0.0,0.0,0.0975037753082543,-0.008703529155486148,0.25837233095374085,0.0,0.10217652502457676,-0.03187950753511534,0.025908876521739,0.0971632883091076,0.07852261867004542,0.11097357615432252,-0.03192081334661466,0.0220086904347825,-0.0,0.41249129559916814,-0.012484676386605916,0.026201685217391173,0.1393680145696526,-0.11152917762049959,0.07906612117699623,0.03145122090346417,0.0,0.09848438400444488,0.11070227951078107,-0.017153983861780433,-0.0,-0.06276570441025142,0.007242586127943964,0.0008505788,6.902980540787107
vangogh.jpg,-0.0,0.08515102575342173,1.6213477171154378,0.0,-0.015427586739130398,0.6419026062680789,0.2679791262381162,0.6163247310194575,0.3354519129905413,0.44376136478260764,0.721952383171463,0.4931222779373136,0.2645269149678614,-0.03723405217391286,0.25749394355576677,0.0,0.15253526021519886,0.06509531458824139,0.022845475643420498,-0.0,0.0,0.1124977693572172,0.03711135507937206,0.11283829613332672,0.0,0.0781642086127395,0.09191002916957669,0.0358072739130433,0.06473694963998339,0.03515247485689112,0.22621152382838847,0.023600474520050232,0.03090074173913028,0.0,-0.03034899264510881,-0.0008018283670603338,-0.03335117652173897,0.01681543148096272,0.1003855164991236,0.08352299637658794,0.4694049957502216,0.0,0.04024878989578197,0.0817716569488197,0.1265622975708444,0.0,0.030157357728252912,0.047502554529646315,0.005131281600000001,7.722760393029936
vangogh_c.png,0.0,0.3171752703389766,0.6199071404423003,0.0,0.2307910769565212,-0.0001805397506127414,0.09293423760226026,-0.00808378020691487,0.24362266208121244,0.8344535130434764,0.49430838562619417,0.12634706573844356,0.5010672607425157,0.025721043478260742,0.0733274191386227,0.0,0.04225202058926284,0.0587957561991702,0.08861285792186331,0.0,-0.0,0.07147132256614097,0.06809647311970583,0.014899202865107913,0.0,0.04052855701089343,0.12874960947176456,0.02392081739130423,-0.0015728915283197168,0.03423798783707263,0.03537678369900434,-0.002902820898939259,0.0026727773913043347,0.0,0.008688408370656929,-0.02375951297271545,0.05105707304347801,0.15588154970193144,0.042680094734635604,0.1243962637473296,0.6244351631981191,0.0,0.02834591686822093,0.019719770996382176,0.13351402871718196,0.0,-0.071212869852643,-0.002228517303769722,-0.020935395,5.2271111831154
wife.png,0.0,0.23093922241526302,0.9522960133690999,0.0,0.07730962521739111,0.3265347638850909,0.20509075120587267,0.2626455953723663,0.22763506567049538,0.4893542647826075,-0.0031882963515393625,0.01926674894329581,0.12372964566515847,0.03002491652173898,0.1132281002542661,0.0,-0.07413754703283142,0.06587198494621034,0.12172295161242914,0.0,0.0,0.2213708911668836,0.027451006225654648,0.03546620439822982,0.0,0.15898191481549875,-0.03232858314241336,0.06535643478260837,0.05648427357475232,0.05315159197458059,0.3426893273492173,0.07420408102279902,0.035079073043478085,0.0,0.18428298574293775,0.004515007925912923,0.05969860869565188,-0.01561078106575987,-0.09114557416701227,0.15979535924584565,0.6197640117505759,0.0,0.20298097069067325,0.3364881142841087,0.22539648747766003,0.0,0.4577346528345404,0.038329973531239334,0.10118616,6.489645998634578
wife_c.png,0.0,0.47984415676637976,0.9752786730753394,0.0,0.017846383478260827,0.2300438447938027,0.009922438468338974,0.1223889192362943,-0.03550331338818564,0.7320164078260852,0.4433371575978468,0.3746542814717448,-0.015946122207579932,0.03991433391304328,0.06685975196297946,0.0,-0.054281336245473946,0.13018842287906437,0.35517635502610007,0.0,0.0,-0.005936802815574791,0.008598403249390534,0.20594065379667298,0.0,0.20943887162964392,-0.060062317799294725,0.05184729217391278,0.0612852117284327,-0.020565211910525866,-0.07177721987667514,-0.011931174261591716,0.03574991652173895,0.0,0.18529046620897902,0.04368672055191815,-0.004087654956521719,-0.08156072064145548,-0.012104435283178151,0.11564014558713885,0.31525996711947235,0.0,0.1742011206693212,0.18989207541279204,0.25300122895552046,0.0,0.03249309531879991,0.015647786217550953,0.022045602999999997,5.523733375250505
woman.png,-0.0,0.19331679126047033,1.0955905630475986,0.0,-0.002519606499999994,0.5284517123999063,0.386309576431565,0.2337079183466358,0.22848792620968672,0.7145915739130418,0.4169205784553716,0.43176533740444106,0.3082704249822135,0.062401260869564906,0.15842155824439308,0.0,-0.05950757582074759,0.10468108620261024,0.053768153785072555,0.0,0.0,0.05738042329881922,-0.07192818232848866,0.13872356769585198,0.0,0.08632916812917373,0.0793175730457159,0.038607543478260675,0.11570365752178305,0.040226959193166094,0.15666016052661047,0.030365739144911155,0.02173223478260859,0.0,0.09837733904911608,-0.018943058374971553,0.0754526782608692,0.1400160024458646,-0.08952105506774814,0.029097940776686915,0.6935384461116891,0.0,-0.035013282483535565,0.22283674556703487,0.015340712065277913,-0.0,0.053738950672841825,0.02212695936463889,0.0090896076,6.763914109708
woman_c.png,0.0,0.38911554108078217,1.1311063233854528,0.0,0.024072925565217333,0.1862069208954639,-0.04080592380335555,0.5078456518359132,-0.029008927919716418,0.9458680086956499,0.297590305697606,0.3630035143276695,0.31962973595666994,0.007204110695652138,0.14396683201947288,-0.0,-0.1647286167518806,0.05138562946749841,0.07087892842480925,-0.0,0.0,0.03866682209683212,-0.1663027318725786,0.1949040108499609,0.0,0.04097806844835188,0.08271162111674242,0.008063449043478221,0.07806406216158437,0.0013279987230694747,0.13225535936235933,-0.03398291757722917,0.0045914260869564984,-0.0,0.3253072374415735,0.003547620278354667,0.06276463217391273,0.25719831525881864,-0.24505616318710785,-0.04802385525718054,0.6311418008652562,0.0,0.13237096073131854,0.21683238986591893,0.08217612998256812,0.0,0.16959495100268546,-0.0006108194032486122,-0.013553264,6.158298063765304
